relative_path,bytes,sha256
phase17_v7/npj_sba_nature_artwork_micropass/20260901_role_aware_typography_refreeze/00_NATURE_ARTWORK_MICROPASS_INTEGRATION_STATUS.json,5505,A40075A3F1CA337D42F5FF21A0F0058AD03F8A968987D85FF148324823AF85CF
phase17_v7/npj_sba_nature_artwork_micropass/20260901_role_aware_typography_refreeze/01_ARTWORK_TYPOGRAPHY_AUDIT.csv,7984,9115DF594625B00B794B5957CEE763972FC51D90BA0C15583C4E3C4F3F1FBD2B
phase17_v7/npj_sba_nature_artwork_micropass/20260901_role_aware_typography_refreeze/02_PANEL_DECISION_MATRIX.csv,8015,5300369A78AF5683323A44064B2D82A1593EFDE42AA0B1ADE692BDDEBC34480E
phase17_v7/npj_sba_nature_artwork_micropass/20260901_role_aware_typography_refreeze/03_TEXT_EDIT_LEDGER.csv,640,BDAD211DB0BAD5BC115EEA6468FE78C670C903F71C9D555C9AB51F6207FD7E85
phase17_v7/npj_sba_nature_artwork_micropass/20260901_role_aware_typography_refreeze/04_DOCUMENT_BUILD_STATUS.json,2177,69AA1544797A98AD9E1A1A2F7226005D27B5BFDF9CB96AB6CCCB205EB0174CF7
phase17_v7/npj_sba_nature_artwork_micropass/20260901_role_aware_typography_refreeze/05_SUPPLEMENT_PAGINATION_AUDIT.json,24172,1F55EC9A1BF9AD38EAC53DB960607E6C2ECEBA76EBAC27A26C12D59F8D4EA447
phase17_v7/npj_sba_nature_artwork_micropass/20260901_role_aware_typography_refreeze/07_SCIENTIFIC_PRESENTATION_MAINTENANCE_FREEZE_STATUS.json,3113,44E828BFB17F91CFAFA3698E336ABDE6D3BB494B0595817FC199C4F0523F86FD
phase17_v7/npj_sba_nature_artwork_micropass/20260901_role_aware_typography_refreeze/documents/Manuscript_scientific_maintenance_freeze.docx,60813,1FD0750D37C813A6A761CE1CA1CB1C3E5D6E3602BFDF4A102B39122F98AE24D0
phase17_v7/npj_sba_nature_artwork_micropass/20260901_role_aware_typography_refreeze/documents/Manuscript_scientific_maintenance_freeze.pdf,241103,85D701807F00AEB294ECCFC9CA98C46C9A3762A9BD4B7C276FDC7B88E26FA14D
phase17_v7/npj_sba_nature_artwork_micropass/20260901_role_aware_typography_refreeze/documents/Supplementary_Information_scientific_maintenance_freeze.docx,3762614,3C7EE17BCC037B983C1A1A6AA0D5991F12280C54CCC2F5B6E15CBE562E2CB642
phase17_v7/npj_sba_nature_artwork_micropass/20260901_role_aware_typography_refreeze/documents/Supplementary_Information_scientific_maintenance_freeze.pdf,4775940,D76D755197823DF12777FEA41270461373E1FA16430077899BCAAF2CC1D62A12
phase17_v7/npj_sba_nature_artwork_micropass/20260901_role_aware_typography_refreeze/figures/06_SUPPLEMENTARY_FIGURE_S8_STATUS.json,741,FA255285BF57C9AC3A55A14A9CBFC06DBF3B96796D213F5691D034DA65B3FA1C
phase17_v7/npj_sba_nature_artwork_micropass/20260901_role_aware_typography_refreeze/figures/13_SUPPLEMENTARY_FIGURE_S9_STATUS.json,1143,E7B9430DECEDFE48E680672007E163AABA40A84AD588A2445755E77A7BAB8BD4
phase17_v7/npj_sba_nature_artwork_micropass/20260901_role_aware_typography_refreeze/figures/14_ROUND6_R1_HOLD_ADVISOR_REVIEW.md,2473,C145DD4657B82A36334E491758D863EAF457E529265AB4D3B8E29FF659103F08
phase17_v7/npj_sba_nature_artwork_micropass/20260901_role_aware_typography_refreeze/figures/figures/Figure1_disease_blind_identity_scope.pdf,59706,F7273F097CEFD3BE82D35F690097B082EF613A140CEE5F5D50751479F55019B7
phase17_v7/npj_sba_nature_artwork_micropass/20260901_role_aware_typography_refreeze/figures/figures/Figure1_disease_blind_identity_scope.png,649197,5DCF7D157852E0F2E5D1B3E3F9766FE1B6549250B9BAC835FFDED6FC2FB2FC9C
phase17_v7/npj_sba_nature_artwork_micropass/20260901_role_aware_typography_refreeze/figures/figures/Figure2_sample_level_composition.pdf,48963,6103EA12DB456078C770E84518A2EC277A1B23FCDA6D48180B74E47A351A73D2
phase17_v7/npj_sba_nature_artwork_micropass/20260901_role_aware_typography_refreeze/figures/figures/Figure2_sample_level_composition.png,467412,F4B58519C6BA34B0B3CFF2F00C022498D0075029095A63F42B99EC0158FF40D0
phase17_v7/npj_sba_nature_artwork_micropass/20260901_role_aware_typography_refreeze/figures/figures/Figure3_gse174188_bconv_transcription.pdf,53180,792C5048178B91A7AAC2D4D2CD08AB070FB19C231D625A0B2A3156ABDCE19B8C
phase17_v7/npj_sba_nature_artwork_micropass/20260901_role_aware_typography_refreeze/figures/figures/Figure3_gse174188_bconv_transcription.png,398887,42F4B5F46DC60E9B094D09299A41083A81C3704D055CD3BBA624C959807597E0
phase17_v7/npj_sba_nature_artwork_micropass/20260901_role_aware_typography_refreeze/figures/figures/Figure4_independent_ifn_replication.pdf,53521,5E84603ED644E2744B0A94A8CB617EFC5CA2A0B522B74D529119E5F5AC2E0B36
phase17_v7/npj_sba_nature_artwork_micropass/20260901_role_aware_typography_refreeze/figures/figures/Figure4_independent_ifn_replication.png,587694,87BD91C1DCD0852C5C51D9EA31B316EB43F8BF719A8A8A93FFE74D13E08298E6
phase17_v7/npj_sba_nature_artwork_micropass/20260901_role_aware_typography_refreeze/figures/figures/Figure5_regulatory_evidence.pdf,65685,001488E572EB6B5D08B1FCBB049FF5B509197D044EFA19A755DFEAD18905F517
phase17_v7/npj_sba_nature_artwork_micropass/20260901_role_aware_typography_refreeze/figures/figures/Figure5_regulatory_evidence.png,748338,A29C03F51C21F8F13499FB8C5ED97AC947E6BF3BBEA30EA519F78DAF8CE0053D
phase17_v7/npj_sba_nature_artwork_micropass/20260901_role_aware_typography_refreeze/figures/figures/Supplementary_Figure_S10_reference_calibration_boundary.pdf,44871,7659A5793827941D5A8AA0F97969A90E1DDA789D8F4A2641AF0409557F019F96
phase17_v7/npj_sba_nature_artwork_micropass/20260901_role_aware_typography_refreeze/figures/figures/Supplementary_Figure_S10_reference_calibration_boundary.png,387685,A0C2E06A09AB40693B9FC55278C87A667EAF15E0FE9D3ADD61A6694AFCA939D0
phase17_v7/npj_sba_nature_artwork_micropass/20260901_role_aware_typography_refreeze/figures/figures/Supplementary_Figure_S1_source_integrity_qc.pdf,49463,F458B1BD2E807D139A01821C031D7496F3CCE0719BBFE3A4BF9BC7A8B4E8B6AC
phase17_v7/npj_sba_nature_artwork_micropass/20260901_role_aware_typography_refreeze/figures/figures/Supplementary_Figure_S1_source_integrity_qc.png,542612,2B2A010C31D4326F9BD41E75E60EC52DF7044B2E388F447B6C47F79AAA204EBD
phase17_v7/npj_sba_nature_artwork_micropass/20260901_role_aware_typography_refreeze/figures/figures/Supplementary_Figure_S2_representation_diagnostics.pdf,50035,FF640D1A27AB108D1E1D7B2363EC45DE3BCA7D16CBEDE366353E79B744A8FB86
phase17_v7/npj_sba_nature_artwork_micropass/20260901_role_aware_typography_refreeze/figures/figures/Supplementary_Figure_S2_representation_diagnostics.png,505310,67B1445C90BE1058B3F455C70209655BE5712E79CDBAC461AFC662C2084A20F7
phase17_v7/npj_sba_nature_artwork_micropass/20260901_role_aware_typography_refreeze/figures/figures/Supplementary_Figure_S3_fine_state_failure_transition_structure.pdf,41897,ECB80FF10A95FFEE71F86A5D940EADA465D523143AA5EE9216BB41CA1C885934
phase17_v7/npj_sba_nature_artwork_micropass/20260901_role_aware_typography_refreeze/figures/figures/Supplementary_Figure_S3_fine_state_failure_transition_structure.png,246532,6B4A8CB52293E14D9B8B608BE93726E64E52E9F1D37BB1715E043AB44E144097
phase17_v7/npj_sba_nature_artwork_micropass/20260901_role_aware_typography_refreeze/figures/figures/Supplementary_Figure_S4_composition_diagnostics.pdf,46706,92E4F1667D9B7915A7F98393A4C0168B80D9EA1054E8024B4DC14A0B1638C1F2
phase17_v7/npj_sba_nature_artwork_micropass/20260901_role_aware_typography_refreeze/figures/figures/Supplementary_Figure_S4_composition_diagnostics.png,301388,7B92B1D1FE2598352BB70A377449901D911C68BAF905EFC91A755641E6F0DD7C
phase17_v7/npj_sba_nature_artwork_micropass/20260901_role_aware_typography_refreeze/figures/figures/Supplementary_Figure_S5_pseudobulk_ranked_list_diagnostics.pdf,46141,AA2A6F9D0BCD49B4B26D311C479AA74E39BCCC5D7830447DB3026ACF79C5F0CF
phase17_v7/npj_sba_nature_artwork_micropass/20260901_role_aware_typography_refreeze/figures/figures/Supplementary_Figure_S5_pseudobulk_ranked_list_diagnostics.png,355690,47C9A02403F4D6B68E07D0A2F272A0D2965DCF799F9AD07680F99BFF1E09D0C5
phase17_v7/npj_sba_nature_artwork_micropass/20260901_role_aware_typography_refreeze/figures/figures/Supplementary_Figure_S6_replication_robustness_diagnostics.pdf,47153,F76A84E04A56669FB48A06CBAEC415646EB12C56547069485E8D5DB3AA2A5027
phase17_v7/npj_sba_nature_artwork_micropass/20260901_role_aware_typography_refreeze/figures/figures/Supplementary_Figure_S6_replication_robustness_diagnostics.png,400006,EC2118003D6D459831D118C53B318448B936E806C23E44D87A125EAEDA53F2D0
phase17_v7/npj_sba_nature_artwork_micropass/20260901_role_aware_typography_refreeze/figures/figures/Supplementary_Figure_S7_regulator_correlation_sensitivity.pdf,48574,3DCE41FF9A20F17D5D4071E8C6FAC7E32BC0F63272F19646EFE1046612C76417
phase17_v7/npj_sba_nature_artwork_micropass/20260901_role_aware_typography_refreeze/figures/figures/Supplementary_Figure_S7_regulator_correlation_sensitivity.png,436673,69112DAB612AF5E97CED97D3899624D30CAFDC02C2D127431C71000C1E4B3D44
phase17_v7/npj_sba_nature_artwork_micropass/20260901_role_aware_typography_refreeze/figures/figures/Supplementary_Figure_S8_overlap_depletion.pdf,48801,2566E12D7F819E105506653173D43DBB0921F4D5C63EDE0C9D98099A76D3B75D
phase17_v7/npj_sba_nature_artwork_micropass/20260901_role_aware_typography_refreeze/figures/figures/Supplementary_Figure_S8_overlap_depletion.png,565826,51B0218546AE23D448B7767C7F620AAA7AA5A84F9FD9749C5320DE7F1F00EB31
phase17_v7/npj_sba_nature_artwork_micropass/20260901_role_aware_typography_refreeze/figures/figures/Supplementary_Figure_S9_identity_boundary_and_propagation.pdf,52726,A6CF24AEF64220251A2B97EE35446875CEFD5C7AD59F985231E78D7FCD2DB1EC
phase17_v7/npj_sba_nature_artwork_micropass/20260901_role_aware_typography_refreeze/figures/figures/Supplementary_Figure_S9_identity_boundary_and_propagation.png,591102,F6857DA2B61D27E8E2EB1DFE98703C16A83F5D72B03AEF785CE9B9E87BDF7F5C
phase17_v7/npj_sba_nature_artwork_micropass/20260901_role_aware_typography_refreeze/figures/source_data/Figure1_source_data.csv,3481,F3D45F72422B8469F7DD0A6E888541075A1D090277E9F96D16565B5B44C5B805
phase17_v7/npj_sba_nature_artwork_micropass/20260901_role_aware_typography_refreeze/figures/source_data/Figure2_source_data.csv,33705,DAA6DDBAB469E0D510AB578BEE0A21AA73FA2D71184739E3F361C3EA6EC8DFE2
phase17_v7/npj_sba_nature_artwork_micropass/20260901_role_aware_typography_refreeze/figures/source_data/Figure3_source_data.csv,8333,DEFABF8C16D879362E3AD197C857A9197CD6D0691B20FDFA4AC97BEFF3710BC8
phase17_v7/npj_sba_nature_artwork_micropass/20260901_role_aware_typography_refreeze/figures/source_data/Figure4_source_data.csv,499862,F3604F40DAEDB0DD01617BB223A8762323C8AAC7F16185292367B9A13FEC4755
phase17_v7/npj_sba_nature_artwork_micropass/20260901_role_aware_typography_refreeze/figures/source_data/Figure5_source_data.csv,6459,A482D9D4F001B076B496C63857A8B3ADB65816CD0AA18B60C8B17B2DDB211B5B
phase17_v7/npj_sba_nature_artwork_micropass/20260901_role_aware_typography_refreeze/figures/source_data/Supplementary_Figure_S10_source_data.csv,2069,FF4309EBAF761A0563F018AE1BE07212EF2CB2241E79DF12C374BCB1426A60FF
phase17_v7/npj_sba_nature_artwork_micropass/20260901_role_aware_typography_refreeze/figures/source_data/Supplementary_Figure_S1_source_data.csv,15014,A140D1D900A3EA869551097146AFFD3872BC7AC78E9E9712E4BDAC834A57CB68
phase17_v7/npj_sba_nature_artwork_micropass/20260901_role_aware_typography_refreeze/figures/source_data/Supplementary_Figure_S2_source_data.csv,26506,E46FE5B33B11D45319DD80C3D669AEEB83F2517095CD0C1FD5EEFA1F57C58731
phase17_v7/npj_sba_nature_artwork_micropass/20260901_role_aware_typography_refreeze/figures/source_data/Supplementary_Figure_S3_source_data.csv,4375,133E973C2753F4946A24739C049308152299A915A3FC6754B30AD0521F979C96
phase17_v7/npj_sba_nature_artwork_micropass/20260901_role_aware_typography_refreeze/figures/source_data/Supplementary_Figure_S4_source_data.csv,5599,7BA2660E5A50ADCF28407BCC92A91C791576DD69A9A1ABA9618DEB045C3A4E19
phase17_v7/npj_sba_nature_artwork_micropass/20260901_role_aware_typography_refreeze/figures/source_data/Supplementary_Figure_S5_source_data.csv,4113,F6682D636C1FF3A1784E0B9E8AEFF5C5D1BB075176312E87FCB938F65C4DA897
phase17_v7/npj_sba_nature_artwork_micropass/20260901_role_aware_typography_refreeze/figures/source_data/Supplementary_Figure_S6_source_data.csv,6249,A1D1DCBF9D20BA01D0022D4DA0F73A618776D34A687E764F18AB83439204DBF6
phase17_v7/npj_sba_nature_artwork_micropass/20260901_role_aware_typography_refreeze/figures/source_data/Supplementary_Figure_S7_source_data.csv,2110,D92140A17B96E6B77F5EEBF322A5D77A5E6F2132EDD54CC9C3E73521E5352CA3
phase17_v7/npj_sba_nature_artwork_micropass/20260901_role_aware_typography_refreeze/figures/source_data/Supplementary_Figure_S8_source_data.csv,8005,26A3F90E3165D8928874F278384B2587CB549DD4FFDE93440AAC4CEEAE06A9A2
phase17_v7/npj_sba_nature_artwork_micropass/20260901_role_aware_typography_refreeze/figures/source_data/Supplementary_Figure_S9_source_data.csv,18720,46EE840F86CA33AA4F5FCE0A37EEFCB4DB23831533BBFA20400BAE50744F5D42
phase17_v7/npj_sba_nature_artwork_micropass/20260901_role_aware_typography_refreeze/qa/accessibility/Manuscript_scientific_maintenance_freeze.json,282,E162EFEE1848DBFB308417AD36A950B0216A43016D51F2A1502B82E6CC4DE2DD
phase17_v7/npj_sba_nature_artwork_micropass/20260901_role_aware_typography_refreeze/qa/accessibility/Supplementary_Information_scientific_maintenance_freeze.json,297,D0A30F45290019CF5FBE89760C92EC6859E2D69FA1221B45FDEC3405F48059D0
phase17_v7/npj_sba_nature_artwork_micropass/20260901_role_aware_typography_refreeze/qa/figure_contact_sheets/figure_contact_01.png,640513,A43D31898F574CE0021F8D54DFF79570134DC0812FE55C85631FB501539A235D
phase17_v7/npj_sba_nature_artwork_micropass/20260901_role_aware_typography_refreeze/qa/figure_contact_sheets/figure_contact_02.png,588055,EF7670E27857CE30104B1DDFB89475B220EF761D982E1EB1C81A1CE68AC6FD83
phase17_v7/npj_sba_nature_artwork_micropass/20260901_role_aware_typography_refreeze/qa/figure_contact_sheets/figure_contact_03.png,673934,67DB00EA04258AC7EF787651D0492373FAD71F912D923C34B7B596EF667F7DE0
phase17_v7/npj_sba_nature_artwork_micropass/20260901_role_aware_typography_refreeze/qa/figure_contact_sheets/figure_contact_04.png,544584,B2021B9D660607FCD903151C9700B82D323CE6A2BA9A4DA2A10B00EDCAEA9EFB
phase17_v7/npj_sba_nature_artwork_micropass/20260901_role_aware_typography_refreeze/qa/figure_contact_sheets/figure_contact_05.png,331574,971098103BB03775B90445354746A44BEE3A189C633C3CAEBBF4D7637F1B1103
phase17_v7/npj_sba_nature_artwork_micropass/20260901_role_aware_typography_refreeze/qa/figure_contact_sheets/figure_contact_06.png,414920,B9CDFE51568609974B526F547D1F460234882941BABD2FDF264D595A852C6330
phase17_v7/npj_sba_nature_artwork_micropass/20260901_role_aware_typography_refreeze/qa/figure_contact_sheets/figure_contact_07.png,651327,6146E50144CF3DC547D49EDACBC654FF5D52407B5E9984EE192C88230A3BFE4C
phase17_v7/npj_sba_nature_artwork_micropass/20260901_role_aware_typography_refreeze/qa/figure_contact_sheets/figure_contact_08.png,358797,1E3977B93B7ECC0628F2071A05D1140AA814FDE061C3FD642FB2CB7AB9500B21
phase17_v7/npj_sba_nature_artwork_micropass/20260901_role_aware_typography_refreeze/qa/libreoffice_documents/Manuscript_scientific_maintenance_freeze.docx,60813,1FD0750D37C813A6A761CE1CA1CB1C3E5D6E3602BFDF4A102B39122F98AE24D0
phase17_v7/npj_sba_nature_artwork_micropass/20260901_role_aware_typography_refreeze/qa/libreoffice_documents/Manuscript_scientific_maintenance_freeze.pdf,244969,D188BB4F4FE398B2AA9509672432535CB2E2ACF8D6A8173408AF52991C81D1E9
phase17_v7/npj_sba_nature_artwork_micropass/20260901_role_aware_typography_refreeze/qa/libreoffice_documents/Supplementary_Information_scientific_maintenance_freeze.docx,3762614,3C7EE17BCC037B983C1A1A6AA0D5991F12280C54CCC2F5B6E15CBE562E2CB642
phase17_v7/npj_sba_nature_artwork_micropass/20260901_role_aware_typography_refreeze/qa/libreoffice_documents/Supplementary_Information_scientific_maintenance_freeze.pdf,2188966,172016FC26697FA949DCFBA4A216F562B513AB170DEF316AB56E1C5480596188
phase17_v7/npj_sba_nature_artwork_micropass/20260901_role_aware_typography_refreeze/qa/lo_pages/document_render_audit.json,12768,BD54D38E9E020D6BAFAB8D40965FCF708081896FC75FA2261165059B986C7A2F
phase17_v7/npj_sba_nature_artwork_micropass/20260901_role_aware_typography_refreeze/qa/lo_pages/Manuscript_scientific_maintenance_freeze/page-01.png,195154,B16142B57B8503B4F7E99B947635F0D108488F887887AE6F6D4A174E1BDCF3A3
phase17_v7/npj_sba_nature_artwork_micropass/20260901_role_aware_typography_refreeze/qa/lo_pages/Manuscript_scientific_maintenance_freeze/page-02.png,200830,4E6247F0BEA9E30DB6052DDADFA2FE34FE8DFC41593BA235D3D971449A1295CD
phase17_v7/npj_sba_nature_artwork_micropass/20260901_role_aware_typography_refreeze/qa/lo_pages/Manuscript_scientific_maintenance_freeze/page-03.png,195332,FF01E5326FB16690294F3A72CCA4058E8D168A24F8D6077785A22B63F48FACD8
phase17_v7/npj_sba_nature_artwork_micropass/20260901_role_aware_typography_refreeze/qa/lo_pages/Manuscript_scientific_maintenance_freeze/page-04.png,201586,C2A2A202E3BCCFD96B10C7AC9C331279509C06320F189F0F148DD7C9544BC6E9
phase17_v7/npj_sba_nature_artwork_micropass/20260901_role_aware_typography_refreeze/qa/lo_pages/Manuscript_scientific_maintenance_freeze/page-05.png,219483,54B689A8135487442848CCA20ABF6814955194502B4A790EF4370B83FBD31ADB
phase17_v7/npj_sba_nature_artwork_micropass/20260901_role_aware_typography_refreeze/qa/lo_pages/Manuscript_scientific_maintenance_freeze/page-06.png,224880,5DFE8F4DDBEFCA922ADA628CE673B2F87F2738BB2045A16EE9548B78811429FA
phase17_v7/npj_sba_nature_artwork_micropass/20260901_role_aware_typography_refreeze/qa/lo_pages/Manuscript_scientific_maintenance_freeze/page-07.png,220312,DA5ABFB5CB81FEBA34E054537BFA2D8DFFF52C9433821A18914D33994C2034A9
phase17_v7/npj_sba_nature_artwork_micropass/20260901_role_aware_typography_refreeze/qa/lo_pages/Manuscript_scientific_maintenance_freeze/page-08.png,232990,F476E9A70FC23F08A2616DE96CE33CBDF3DD1A1A6D3B37F71109ECBA6E41124C
phase17_v7/npj_sba_nature_artwork_micropass/20260901_role_aware_typography_refreeze/qa/lo_pages/Manuscript_scientific_maintenance_freeze/page-09.png,224920,5544351C17BF2D93A94CB0395FCF18BC22A4D9811731A3FFA6BECA2C8201E151
phase17_v7/npj_sba_nature_artwork_micropass/20260901_role_aware_typography_refreeze/qa/lo_pages/Manuscript_scientific_maintenance_freeze/page-10.png,220543,C7C007FEDCA41D0373B9691B23BA0F0FBF156563D86CC00FCCA24B270712AB83
phase17_v7/npj_sba_nature_artwork_micropass/20260901_role_aware_typography_refreeze/qa/lo_pages/Manuscript_scientific_maintenance_freeze/page-11.png,211899,8769496E41338C36F7D1039AE26FB9CC311D1990432F76DECA374D8A2C30BB57
phase17_v7/npj_sba_nature_artwork_micropass/20260901_role_aware_typography_refreeze/qa/lo_pages/Manuscript_scientific_maintenance_freeze/page-12.png,216156,D76BCA28F8C20E24A580E82AB21A71170AACE284744356CA7A3FD19D424379EC
phase17_v7/npj_sba_nature_artwork_micropass/20260901_role_aware_typography_refreeze/qa/lo_pages/Manuscript_scientific_maintenance_freeze/page-13.png,214987,D8CB0348822276B1EA12B391F06A2A197770C6A523051CB046615C2978ABF53B
phase17_v7/npj_sba_nature_artwork_micropass/20260901_role_aware_typography_refreeze/qa/lo_pages/Manuscript_scientific_maintenance_freeze/page-14.png,206943,5B54466077B3DD1959085581493BF64A5ED4A5A8CFF7CA5BAD078B75F6DFEE88
phase17_v7/npj_sba_nature_artwork_micropass/20260901_role_aware_typography_refreeze/qa/lo_pages/Manuscript_scientific_maintenance_freeze/page-15.png,199405,E6DEAD9667C7FAD31CD630E80E64B0547F73C751618C980CC1A7A3A501F87B9B
phase17_v7/npj_sba_nature_artwork_micropass/20260901_role_aware_typography_refreeze/qa/lo_pages/Manuscript_scientific_maintenance_freeze/page-16.png,212998,059743E62F9CEF6F93F1D7395E157EA2B474CB76D2627DAF4E83EC7C007B60BA
phase17_v7/npj_sba_nature_artwork_micropass/20260901_role_aware_typography_refreeze/qa/lo_pages/Manuscript_scientific_maintenance_freeze/page-17.png,193391,935B51F31BE0ED7EF2FA0C96844F4911CDF11A4B6A8D7262F1E65808BDE8EA8E
phase17_v7/npj_sba_nature_artwork_micropass/20260901_role_aware_typography_refreeze/qa/lo_pages/Manuscript_scientific_maintenance_freeze/page-18.png,217512,949146F253747ED06A0D754BD6FACE7B380E556744ABF96D6D00AD5730CF0E70
phase17_v7/npj_sba_nature_artwork_micropass/20260901_role_aware_typography_refreeze/qa/lo_pages/Manuscript_scientific_maintenance_freeze/page-19.png,211669,94AC53831C859501C6E213B2F68729F8EFF4B8A11F9CCED99E012444DB9B48AA
phase17_v7/npj_sba_nature_artwork_micropass/20260901_role_aware_typography_refreeze/qa/lo_pages/Manuscript_scientific_maintenance_freeze/page-20.png,205295,C4358280A1BF642FBAF08F2A6E79686171CA235105F115103030D87089D636F1
phase17_v7/npj_sba_nature_artwork_micropass/20260901_role_aware_typography_refreeze/qa/lo_pages/Manuscript_scientific_maintenance_freeze/page-21.png,213438,112EF086B5632452AAE58ADBD78B31B229D11CFC4EDBAA0BB8D96B48225BD9FE
phase17_v7/npj_sba_nature_artwork_micropass/20260901_role_aware_typography_refreeze/qa/lo_pages/Manuscript_scientific_maintenance_freeze/page-22.png,210285,1E34D0B3F3E435339700A2FD7FA12966B31E79CAB4212B8036236DA9AF1FFA3A
phase17_v7/npj_sba_nature_artwork_micropass/20260901_role_aware_typography_refreeze/qa/lo_pages/Manuscript_scientific_maintenance_freeze/page-23.png,213158,EB4AABD49ACCD842AEA2D2593AA6BFB74C593D57E7526359078121939689817B
phase17_v7/npj_sba_nature_artwork_micropass/20260901_role_aware_typography_refreeze/qa/lo_pages/Manuscript_scientific_maintenance_freeze/page-24.png,192118,44B19B9349D5B18F2DB8150B0A2593D21541945D851831374B380AFCFDA85AEF
phase17_v7/npj_sba_nature_artwork_micropass/20260901_role_aware_typography_refreeze/qa/lo_pages/Manuscript_scientific_maintenance_freeze/page-25.png,160704,45D4D98248A97DE2677D693A01FDDF0D45369F8AC67B25A8C2DAB0557C9AF34E
phase17_v7/npj_sba_nature_artwork_micropass/20260901_role_aware_typography_refreeze/qa/lo_pages/Manuscript_scientific_maintenance_freeze/page-26.png,198674,4BF6B518323ED6C8A5A80921AB8B4D60E589A2A92BFC61DFD640A6584C82B850
phase17_v7/npj_sba_nature_artwork_micropass/20260901_role_aware_typography_refreeze/qa/lo_pages/Manuscript_scientific_maintenance_freeze/page-27.png,199863,8374995333EAF40F2E51E9B2CD70A8CAF623F159AE3F716AFB314010173564F5
phase17_v7/npj_sba_nature_artwork_micropass/20260901_role_aware_typography_refreeze/qa/lo_pages/Manuscript_scientific_maintenance_freeze/page-28.png,180612,9C8D167EEF3E6429236B5E0CDE1D1CD02D0C656CFE617B15B5CDDD0EDDD582DB
phase17_v7/npj_sba_nature_artwork_micropass/20260901_role_aware_typography_refreeze/qa/lo_pages/Manuscript_scientific_maintenance_freeze/page-29.png,202768,4E9D4A398DC07755E66979E384121AAE5CB31270995156326005EADFE18CFBBE
phase17_v7/npj_sba_nature_artwork_micropass/20260901_role_aware_typography_refreeze/qa/lo_pages/Manuscript_scientific_maintenance_freeze/page-30.png,222681,B87E470CE5FFDD45A2B831BEF6EE91FFCB31EA9FD682CEDFF3A83B5572A5CFD4
phase17_v7/npj_sba_nature_artwork_micropass/20260901_role_aware_typography_refreeze/qa/lo_pages/Manuscript_scientific_maintenance_freeze/page-31.png,222051,7D08FAEB10CDF57BAF1E1B392D3392F12AB700663B4C2DE1435CCBA10677628B
phase17_v7/npj_sba_nature_artwork_micropass/20260901_role_aware_typography_refreeze/qa/lo_pages/Manuscript_scientific_maintenance_freeze/page-32.png,25519,5D6D2F0DB2B12BDB07E90A2981C2594DC19E125A38F08B6129EA9CB98834B247
phase17_v7/npj_sba_nature_artwork_micropass/20260901_role_aware_typography_refreeze/qa/lo_pages/Manuscript_scientific_maintenance_freeze_contact_1.png,756513,BB2E1F1FF143CC0F6E80B86592CCCFD8D9388B88638ACB7897150E23DDD97DAB
phase17_v7/npj_sba_nature_artwork_micropass/20260901_role_aware_typography_refreeze/qa/lo_pages/Manuscript_scientific_maintenance_freeze_contact_2.png,791280,85ABB2489DE7317431D3F8CF76C8EF24497ECCE03943B6E23A785AB8D627F186
phase17_v7/npj_sba_nature_artwork_micropass/20260901_role_aware_typography_refreeze/qa/lo_pages/Manuscript_scientific_maintenance_freeze_contact_3.png,749223,24E8A7BE874B60878CA01815206B1DB47F90F977E94A7C972B874A06F5FA36AF
phase17_v7/npj_sba_nature_artwork_micropass/20260901_role_aware_typography_refreeze/qa/lo_pages/Manuscript_scientific_maintenance_freeze_contact_4.png,729577,1D0B75904CBB1B233ED35C19079736A8B296E2A3F558E692DD5044126BECAAC4
phase17_v7/npj_sba_nature_artwork_micropass/20260901_role_aware_typography_refreeze/qa/lo_pages/Manuscript_scientific_maintenance_freeze_contact_5.png,645403,9A8030655A9A1AF359BD8E36B306F45A26DF5FB09B0B812E45FCE5D65C14C220
phase17_v7/npj_sba_nature_artwork_micropass/20260901_role_aware_typography_refreeze/qa/lo_pages/Manuscript_scientific_maintenance_freeze_contact_6.png,160605,6644448A1A8374D90C8A422F8203ABB073843819C8E0E178B8AA4CCFFEAC7DF5
phase17_v7/npj_sba_nature_artwork_micropass/20260901_role_aware_typography_refreeze/qa/lo_pages/Supplementary_Information_scientific_maintenance_freeze/page-01.png,196582,F196FC42810CB90B0C8993F6F83AFDB8FD8EF694B5DE862352F24D420B8284BE
phase17_v7/npj_sba_nature_artwork_micropass/20260901_role_aware_typography_refreeze/qa/lo_pages/Supplementary_Information_scientific_maintenance_freeze/page-02.png,206932,2CBC89542A0A1F104A08B13BA06302FD6125D8EEAA743360605BE8FD45033134
phase17_v7/npj_sba_nature_artwork_micropass/20260901_role_aware_typography_refreeze/qa/lo_pages/Supplementary_Information_scientific_maintenance_freeze/page-03.png,186454,32002FB9441134C49CAA9B8D91DBDF9B2D66A83602873D5643F558AC4AD23FFC
phase17_v7/npj_sba_nature_artwork_micropass/20260901_role_aware_typography_refreeze/qa/lo_pages/Supplementary_Information_scientific_maintenance_freeze/page-04.png,190251,13119790E73ACE7CDD99900DA00076CE76993E3B38972B5D1C8B83571FA71F98
phase17_v7/npj_sba_nature_artwork_micropass/20260901_role_aware_typography_refreeze/qa/lo_pages/Supplementary_Information_scientific_maintenance_freeze/page-05.png,215259,FD8FB5B31A4C79693A3C76D1685DF38450106C27834BABDBD293B8F2B6807017
phase17_v7/npj_sba_nature_artwork_micropass/20260901_role_aware_typography_refreeze/qa/lo_pages/Supplementary_Information_scientific_maintenance_freeze/page-06.png,47391,C4D19856FC7FA49FE090272441A75C94FC8993C989FA2F62804C1AA75F4B8E8A
phase17_v7/npj_sba_nature_artwork_micropass/20260901_role_aware_typography_refreeze/qa/lo_pages/Supplementary_Information_scientific_maintenance_freeze/page-07.png,161316,580D3DF99EF90E34A0052500DA393F7013746D893E1CF401D767FC481CD7AB90
phase17_v7/npj_sba_nature_artwork_micropass/20260901_role_aware_typography_refreeze/qa/lo_pages/Supplementary_Information_scientific_maintenance_freeze/page-08.png,155239,981910D1FF16BCFD6C8628C377BFE6488276FDBF5374ED8B4D3D141AD29738B8
phase17_v7/npj_sba_nature_artwork_micropass/20260901_role_aware_typography_refreeze/qa/lo_pages/Supplementary_Information_scientific_maintenance_freeze/page-09.png,116673,102B4189DA5FD4B3418B409D00319107681C8643019248F83B0D7E787473126E
phase17_v7/npj_sba_nature_artwork_micropass/20260901_role_aware_typography_refreeze/qa/lo_pages/Supplementary_Information_scientific_maintenance_freeze/page-10.png,132167,EBFC6B7A95114891301E35F9FA253AFE877377227310B18E25586E4CDE55025B
phase17_v7/npj_sba_nature_artwork_micropass/20260901_role_aware_typography_refreeze/qa/lo_pages/Supplementary_Information_scientific_maintenance_freeze/page-11.png,129911,7D1CC9B9805A85F5E2200E6648280C4D6D58843C3AB23BE43563903ABC25EC88
phase17_v7/npj_sba_nature_artwork_micropass/20260901_role_aware_typography_refreeze/qa/lo_pages/Supplementary_Information_scientific_maintenance_freeze/page-12.png,125412,A3063EDF859DCA32ACD0514A595D3A2AB87BB7B26432C05C816E29897BC397BC
phase17_v7/npj_sba_nature_artwork_micropass/20260901_role_aware_typography_refreeze/qa/lo_pages/Supplementary_Information_scientific_maintenance_freeze/page-13.png,147596,DD5C1058860AAC683EE06CE40CFD819F65D253713CEE24916FCDE9923ADE13B1
phase17_v7/npj_sba_nature_artwork_micropass/20260901_role_aware_typography_refreeze/qa/lo_pages/Supplementary_Information_scientific_maintenance_freeze/page-14.png,215454,F53EB7437792F9AE4A6213BF2B658D3BB85421C6C915AA79A988D7106B1D7087
phase17_v7/npj_sba_nature_artwork_micropass/20260901_role_aware_typography_refreeze/qa/lo_pages/Supplementary_Information_scientific_maintenance_freeze/page-15.png,234856,3ABF475B7E256DF2D7D8A3285DE2AA62FE9D1861FAB20FD4CB7BBCA7A7F4CC97
phase17_v7/npj_sba_nature_artwork_micropass/20260901_role_aware_typography_refreeze/qa/lo_pages/Supplementary_Information_scientific_maintenance_freeze/page-16.png,174152,CF1A4DEB2F4D068CAFFA49AF57EF61378DF860BBF5648C618743D245F039DC79
phase17_v7/npj_sba_nature_artwork_micropass/20260901_role_aware_typography_refreeze/qa/lo_pages/Supplementary_Information_scientific_maintenance_freeze_contact_1.png,619199,7BD61F8CF99919BF313B65C3AA586D02A823AED2EEBCBDFD42EFD0C250170D14
phase17_v7/npj_sba_nature_artwork_micropass/20260901_role_aware_typography_refreeze/qa/lo_pages/Supplementary_Information_scientific_maintenance_freeze_contact_2.png,370269,08F45C66206886A90172EDE4563D6308931F3E731E67203B417DC609CAE1691A
phase17_v7/npj_sba_nature_artwork_micropass/20260901_role_aware_typography_refreeze/qa/lo_pages/Supplementary_Information_scientific_maintenance_freeze_contact_3.png,377564,1DFCC427E12C2202524030B9F1991856F2369F09A275664FCB293FB57F77B97F
phase17_v7/npj_sba_nature_artwork_micropass/20260901_role_aware_typography_refreeze/qa/lo_render/Manuscript_scientific_maintenance_freeze/Manuscript_scientific_maintenance_freeze.pdf,244969,D188BB4F4FE398B2AA9509672432535CB2E2ACF8D6A8173408AF52991C81D1E9
phase17_v7/npj_sba_nature_artwork_micropass/20260901_role_aware_typography_refreeze/qa/lo_render/Manuscript_scientific_maintenance_freeze/page-1.png,351973,FA68A85222F476009C0905E4EAC327B1B850769F220EEB6181DD4D109975CB10
phase17_v7/npj_sba_nature_artwork_micropass/20260901_role_aware_typography_refreeze/qa/lo_render/Manuscript_scientific_maintenance_freeze/page-10.png,401050,744C8383AC5A0E6FA65AD4E4CF6133AE203F5B360D113E0CC495253DB9544DC0
phase17_v7/npj_sba_nature_artwork_micropass/20260901_role_aware_typography_refreeze/qa/lo_render/Manuscript_scientific_maintenance_freeze/page-11.png,391782,8323114A06AD8F85F25ED3C010E03BBA916889D56E3103C2B67AA3C0BB7CA884
phase17_v7/npj_sba_nature_artwork_micropass/20260901_role_aware_typography_refreeze/qa/lo_render/Manuscript_scientific_maintenance_freeze/page-12.png,393429,B47B7BA6FA101CF200BFA2B21A00BB5DF9336C3632B1B30EE366A1B71D5C6E13
phase17_v7/npj_sba_nature_artwork_micropass/20260901_role_aware_typography_refreeze/qa/lo_render/Manuscript_scientific_maintenance_freeze/page-13.png,393496,FC7335BC5D4A528A52637BD876F3B97130A47325462559F13B83133420D6DFFC
phase17_v7/npj_sba_nature_artwork_micropass/20260901_role_aware_typography_refreeze/qa/lo_render/Manuscript_scientific_maintenance_freeze/page-14.png,371851,776A94BA6F82E74581F148A39097B96188B9418053BA5EC74E40187EDAB5A0A4
phase17_v7/npj_sba_nature_artwork_micropass/20260901_role_aware_typography_refreeze/qa/lo_render/Manuscript_scientific_maintenance_freeze/page-15.png,360494,606DC30706C9B59E348F2FACB4524C15E96C23D7A3D2D13A0023371B9B56B51F
phase17_v7/npj_sba_nature_artwork_micropass/20260901_role_aware_typography_refreeze/qa/lo_render/Manuscript_scientific_maintenance_freeze/page-16.png,389788,9971C838F765BBB5766EB1476BEC3F8085EFFBE49084120E604D7E82D2E1F6DE
phase17_v7/npj_sba_nature_artwork_micropass/20260901_role_aware_typography_refreeze/qa/lo_render/Manuscript_scientific_maintenance_freeze/page-17.png,346816,B0AE2E21D13EA779A5FE536F644E6B899A798CDBABD82185AB339641C7E45AD2
phase17_v7/npj_sba_nature_artwork_micropass/20260901_role_aware_typography_refreeze/qa/lo_render/Manuscript_scientific_maintenance_freeze/page-18.png,393994,96842F14C3C2DBE8F71193DC593DBA279352C4BBC652A49DA3021EAFA28C9FB1
phase17_v7/npj_sba_nature_artwork_micropass/20260901_role_aware_typography_refreeze/qa/lo_render/Manuscript_scientific_maintenance_freeze/page-19.png,382808,5DE18F27C84B4FD21932AB31BC8574D2C1CF0219D8FEEA3A6C3A08EBF276A2A2
phase17_v7/npj_sba_nature_artwork_micropass/20260901_role_aware_typography_refreeze/qa/lo_render/Manuscript_scientific_maintenance_freeze/page-2.png,363731,21A4C3B75A4E95D41944D71D88B971BB2FF67FAE81E25C6C85488E41FAA3B7CC
phase17_v7/npj_sba_nature_artwork_micropass/20260901_role_aware_typography_refreeze/qa/lo_render/Manuscript_scientific_maintenance_freeze/page-20.png,368371,832EA75A5883C624BC43F0388045B35C20412708698A2F94E5573BE558D65A12
phase17_v7/npj_sba_nature_artwork_micropass/20260901_role_aware_typography_refreeze/qa/lo_render/Manuscript_scientific_maintenance_freeze/page-21.png,392098,587F5AD16E6C1307A162387A1E48DEAC6EFBF7111A6399E71A125BF8C5B701B7
phase17_v7/npj_sba_nature_artwork_micropass/20260901_role_aware_typography_refreeze/qa/lo_render/Manuscript_scientific_maintenance_freeze/page-22.png,378044,59B94853BD85C5821D1D59A7158FB0FC768402744A72DD25DF32783890C28262
phase17_v7/npj_sba_nature_artwork_micropass/20260901_role_aware_typography_refreeze/qa/lo_render/Manuscript_scientific_maintenance_freeze/page-23.png,385667,F12621D7EECAC37AB25E07171951E6B68230EF58F215FBC502A8E50A556B7B35
phase17_v7/npj_sba_nature_artwork_micropass/20260901_role_aware_typography_refreeze/qa/lo_render/Manuscript_scientific_maintenance_freeze/page-24.png,343196,7E4B2C6FC0AD123700779058C6C04B40BECE759B3AB10EE33E7EF05C65784C4E
phase17_v7/npj_sba_nature_artwork_micropass/20260901_role_aware_typography_refreeze/qa/lo_render/Manuscript_scientific_maintenance_freeze/page-25.png,291156,7FE33D6F8949E6A66584E82BA89792B3473E537BD91EE5CA734DE5E9210BACAA
phase17_v7/npj_sba_nature_artwork_micropass/20260901_role_aware_typography_refreeze/qa/lo_render/Manuscript_scientific_maintenance_freeze/page-26.png,362436,4DE5DFA309D4ABB1689100C3FAED6F11964EE7D7A3537C59667CB1CC9ABB2E5A
phase17_v7/npj_sba_nature_artwork_micropass/20260901_role_aware_typography_refreeze/qa/lo_render/Manuscript_scientific_maintenance_freeze/page-27.png,363788,44DEFBCDDD909D6CAA52906830D7FB8CD4C813492D03A32369439E5F226791F0
phase17_v7/npj_sba_nature_artwork_micropass/20260901_role_aware_typography_refreeze/qa/lo_render/Manuscript_scientific_maintenance_freeze/page-28.png,333984,4ED8853B4B20730B51C440FD9388AF0F4847A287AA3A80EB857236CBCB8B901A
phase17_v7/npj_sba_nature_artwork_micropass/20260901_role_aware_typography_refreeze/qa/lo_render/Manuscript_scientific_maintenance_freeze/page-29.png,374717,1C6E316DB16E578DAF91661C5976611545AEAF4F6B8B5B2EEB4C440BADCA7EFE
phase17_v7/npj_sba_nature_artwork_micropass/20260901_role_aware_typography_refreeze/qa/lo_render/Manuscript_scientific_maintenance_freeze/page-3.png,356447,5A5271B12F6CDBC8AD8870110D9A678C06CCD6D893C5A22BDD340A4B618DF4CE
phase17_v7/npj_sba_nature_artwork_micropass/20260901_role_aware_typography_refreeze/qa/lo_render/Manuscript_scientific_maintenance_freeze/page-30.png,404120,60C1B23217C7444B22A2E53996C50C88969B2EB39934D5C488A0A32EA863E609
phase17_v7/npj_sba_nature_artwork_micropass/20260901_role_aware_typography_refreeze/qa/lo_render/Manuscript_scientific_maintenance_freeze/page-31.png,404784,F898C4454EED5C299B410C424547D17E3642783DABA73F31B40CDC0FB57780A0
phase17_v7/npj_sba_nature_artwork_micropass/20260901_role_aware_typography_refreeze/qa/lo_render/Manuscript_scientific_maintenance_freeze/page-32.png,50981,BA1F2A4C10C4C6241F7C4488657A10B4C3E216AA412384DF2F520E03FDC4034B
phase17_v7/npj_sba_nature_artwork_micropass/20260901_role_aware_typography_refreeze/qa/lo_render/Manuscript_scientific_maintenance_freeze/page-4.png,363566,DE7A8815EA4E60B00A547CA1FEDA571CFE28E87DC5D1CD3AA06030125AD1D568
phase17_v7/npj_sba_nature_artwork_micropass/20260901_role_aware_typography_refreeze/qa/lo_render/Manuscript_scientific_maintenance_freeze/page-5.png,401660,CE9BCA3BF71A1EAAB8578F5B4B7D61E8B8401C6C5596B869B775163197CFCF38
phase17_v7/npj_sba_nature_artwork_micropass/20260901_role_aware_typography_refreeze/qa/lo_render/Manuscript_scientific_maintenance_freeze/page-6.png,404369,D876B72DF0C4F550E7D10B0D01B3DAF3B80D302CB0BE094BD74774D06476A887
phase17_v7/npj_sba_nature_artwork_micropass/20260901_role_aware_typography_refreeze/qa/lo_render/Manuscript_scientific_maintenance_freeze/page-7.png,403396,F2F5A1FE310A3912D042BA55CF9B84C78F7F46151C20F8FCE05ABF5D415729F7
phase17_v7/npj_sba_nature_artwork_micropass/20260901_role_aware_typography_refreeze/qa/lo_render/Manuscript_scientific_maintenance_freeze/page-8.png,415755,D4A32385C2874BACF943090640A5AD0D922670176DF65E7F669C9BACCABCDCD1
phase17_v7/npj_sba_nature_artwork_micropass/20260901_role_aware_typography_refreeze/qa/lo_render/Manuscript_scientific_maintenance_freeze/page-9.png,410006,C2BEA45C922B67D476FCCB619F5AA7CAE6F9CBB68E5BD135E505ABCF158F9E61
phase17_v7/npj_sba_nature_artwork_micropass/20260901_role_aware_typography_refreeze/qa/lo_render/Supplementary_Information_scientific_maintenance_freeze/page-1.png,369264,65B069A55C8847A051E8EDE757D32ACB509A303D6073553BD75DD549D9AC22BB
phase17_v7/npj_sba_nature_artwork_micropass/20260901_role_aware_typography_refreeze/qa/lo_render/Supplementary_Information_scientific_maintenance_freeze/page-10.png,261699,8E199F14468C7589764E6D86CE4B8565689D2CA68B29D02EDF07E53FBF526640
phase17_v7/npj_sba_nature_artwork_micropass/20260901_role_aware_typography_refreeze/qa/lo_render/Supplementary_Information_scientific_maintenance_freeze/page-11.png,265731,8E4977A8687D52604D921EF875E7C3E9A655F08F6B0AC59AE9D10A08FE0BF779
phase17_v7/npj_sba_nature_artwork_micropass/20260901_role_aware_typography_refreeze/qa/lo_render/Supplementary_Information_scientific_maintenance_freeze/page-12.png,258254,D1B792680610C7A1C1957A4D23710699FA650EC501E264783844120651D5FA70
phase17_v7/npj_sba_nature_artwork_micropass/20260901_role_aware_typography_refreeze/qa/lo_render/Supplementary_Information_scientific_maintenance_freeze/page-13.png,300433,04E61CAFDCAADE5A5C865F107BE4DBFB56CABE4DA0D3C5847BFC0827F97C9E91
phase17_v7/npj_sba_nature_artwork_micropass/20260901_role_aware_typography_refreeze/qa/lo_render/Supplementary_Information_scientific_maintenance_freeze/page-14.png,453591,01CB362E83A744545F263AADBA269BC567BA4A86F205F122B4E6A3245220CFF9
phase17_v7/npj_sba_nature_artwork_micropass/20260901_role_aware_typography_refreeze/qa/lo_render/Supplementary_Information_scientific_maintenance_freeze/page-15.png,481247,CCE34E0C0D1FE8C375BCD3847F77452C68749DC83F048166840B2B65FAAE0A04
phase17_v7/npj_sba_nature_artwork_micropass/20260901_role_aware_typography_refreeze/qa/lo_render/Supplementary_Information_scientific_maintenance_freeze/page-16.png,344777,0CC8A5E5BD62E5381E97428CD4073DEA1DE668FCD2D72AC0E955766D7A7846DB
phase17_v7/npj_sba_nature_artwork_micropass/20260901_role_aware_typography_refreeze/qa/lo_render/Supplementary_Information_scientific_maintenance_freeze/page-2.png,391117,D0376CE9D51269A18C701BE9011B1635C6197AAD85E914FEA768B0ECAAC69281
phase17_v7/npj_sba_nature_artwork_micropass/20260901_role_aware_typography_refreeze/qa/lo_render/Supplementary_Information_scientific_maintenance_freeze/page-3.png,354918,F07ED8369AECF484ADC848986EE54EFD542D280897330A96AACF6CEF1D2BBBC7
phase17_v7/npj_sba_nature_artwork_micropass/20260901_role_aware_typography_refreeze/qa/lo_render/Supplementary_Information_scientific_maintenance_freeze/page-4.png,386625,E1352C90BD5CE511D074DD95261AC704D9357B5952B43422E83180C6CDEB6C80
phase17_v7/npj_sba_nature_artwork_micropass/20260901_role_aware_typography_refreeze/qa/lo_render/Supplementary_Information_scientific_maintenance_freeze/page-5.png,422562,80258FFF0955A4163F2E7C8C5ECE57AF71B73344C8C246BDEAEDD66684AFB606
phase17_v7/npj_sba_nature_artwork_micropass/20260901_role_aware_typography_refreeze/qa/lo_render/Supplementary_Information_scientific_maintenance_freeze/page-6.png,92187,0611A141A4F7EE7530C1953DA641F847F8A58383BFBA7DAAB7498BF13D29D207
phase17_v7/npj_sba_nature_artwork_micropass/20260901_role_aware_typography_refreeze/qa/lo_render/Supplementary_Information_scientific_maintenance_freeze/page-7.png,339257,515B029536E30E1CE4B0F366DCDA067563D0BB9DDE512D376F1A205CBBAC330B
phase17_v7/npj_sba_nature_artwork_micropass/20260901_role_aware_typography_refreeze/qa/lo_render/Supplementary_Information_scientific_maintenance_freeze/page-8.png,318235,AEB53AD6CFEBAC11EE39299FA1FDE44D19F7030B5B4881C557D65B21779ED8BE
phase17_v7/npj_sba_nature_artwork_micropass/20260901_role_aware_typography_refreeze/qa/lo_render/Supplementary_Information_scientific_maintenance_freeze/page-9.png,236086,7F3FC80AF5C1A595EF291C4E7CF3A6841986476CB6477FFD6B70484A7F2B6D0E
phase17_v7/npj_sba_nature_artwork_micropass/20260901_role_aware_typography_refreeze/qa/lo_render/Supplementary_Information_scientific_maintenance_freeze/Supplementary_Information_scientific_maintenance_freeze.pdf,2188966,172016FC26697FA949DCFBA4A216F562B513AB170DEF316AB56E1C5480596188
phase17_v7/npj_sba_nature_artwork_micropass/20260901_role_aware_typography_refreeze/qa/wps_pages/document_render_audit.json,12524,EF58CC49B6396D6B406969F6C09903308742DFE28CAAE8049E6DCA2E83241D55
phase17_v7/npj_sba_nature_artwork_micropass/20260901_role_aware_typography_refreeze/qa/wps_pages/Manuscript_scientific_maintenance_freeze/page-01.png,194307,180F6FC21238ED947B935735B8105AD16AFBB61C51F206A27CED04933384C789
phase17_v7/npj_sba_nature_artwork_micropass/20260901_role_aware_typography_refreeze/qa/wps_pages/Manuscript_scientific_maintenance_freeze/page-02.png,200587,15B8A1F8317F4A59738391E0C94884321329CEB015EA689B2FEF795D7104C26F
phase17_v7/npj_sba_nature_artwork_micropass/20260901_role_aware_typography_refreeze/qa/wps_pages/Manuscript_scientific_maintenance_freeze/page-03.png,194118,270D7818F7ABF943830B0515014CC9D335CD18A906F5BD652AAF240C4121D8B1
phase17_v7/npj_sba_nature_artwork_micropass/20260901_role_aware_typography_refreeze/qa/wps_pages/Manuscript_scientific_maintenance_freeze/page-04.png,201229,6FB7D0BDBDFA2CD87B2CB21FCFC4867D3FB31ABFBE343073113B7199BAD1BCBB
phase17_v7/npj_sba_nature_artwork_micropass/20260901_role_aware_typography_refreeze/qa/wps_pages/Manuscript_scientific_maintenance_freeze/page-05.png,216598,E44DC08455A0490B114632DDEEF3A5EB0706D628FCF0BD09C99A71E1BF20998B
phase17_v7/npj_sba_nature_artwork_micropass/20260901_role_aware_typography_refreeze/qa/wps_pages/Manuscript_scientific_maintenance_freeze/page-06.png,222075,587DBDA9817F2FB724057BFD5B9CC7F4C1920FAD57B217E84467416C82A0CEA5
phase17_v7/npj_sba_nature_artwork_micropass/20260901_role_aware_typography_refreeze/qa/wps_pages/Manuscript_scientific_maintenance_freeze/page-07.png,218837,243E92D878435ED660C74D9EAA9DE4DE0E1CCF9B1C606E4A10381F7B563DBE1D
phase17_v7/npj_sba_nature_artwork_micropass/20260901_role_aware_typography_refreeze/qa/wps_pages/Manuscript_scientific_maintenance_freeze/page-08.png,229737,DCF936E762162CB621D147A6D686B969D3EA752A9C61A13D970DC659546E3D1E
phase17_v7/npj_sba_nature_artwork_micropass/20260901_role_aware_typography_refreeze/qa/wps_pages/Manuscript_scientific_maintenance_freeze/page-09.png,224414,A8F86516A469D6C03E254679666DBB56E65D5D663BF2A6BD0925D143D9794081
phase17_v7/npj_sba_nature_artwork_micropass/20260901_role_aware_typography_refreeze/qa/wps_pages/Manuscript_scientific_maintenance_freeze/page-10.png,218476,F1145CF88D44CF1BA9AE663686B02FF1008720EFB179143B79FC4D486A4CB9A8
phase17_v7/npj_sba_nature_artwork_micropass/20260901_role_aware_typography_refreeze/qa/wps_pages/Manuscript_scientific_maintenance_freeze/page-11.png,213179,54B77A46DED54C2E329C2159BA321365C45E0633DCCC35A63AC15B524A762B6B
phase17_v7/npj_sba_nature_artwork_micropass/20260901_role_aware_typography_refreeze/qa/wps_pages/Manuscript_scientific_maintenance_freeze/page-12.png,214393,9A0A6F1C7BD238144CD0C189EA366249AA2BA7394E064E9969B45CF02955FFC8
phase17_v7/npj_sba_nature_artwork_micropass/20260901_role_aware_typography_refreeze/qa/wps_pages/Manuscript_scientific_maintenance_freeze/page-13.png,214910,A9D195F3117F41CD95C36292522DAED968AEDE2E9805F11143954ACFFDDA7C6F
phase17_v7/npj_sba_nature_artwork_micropass/20260901_role_aware_typography_refreeze/qa/wps_pages/Manuscript_scientific_maintenance_freeze/page-14.png,202108,3C26692989D9C7A284302FA4AD76866952AB2DF932F3DA54203843AB0C6536E6
phase17_v7/npj_sba_nature_artwork_micropass/20260901_role_aware_typography_refreeze/qa/wps_pages/Manuscript_scientific_maintenance_freeze/page-15.png,196854,B0C4E8982B5189A8FB0DB60D389CF18DC1859205E42AABD9195640CC83855C8C
phase17_v7/npj_sba_nature_artwork_micropass/20260901_role_aware_typography_refreeze/qa/wps_pages/Manuscript_scientific_maintenance_freeze/page-16.png,213584,D94791D414912F77BC906B788E6A6500E9983B38A3771DF63BB21F7E402E4E60
phase17_v7/npj_sba_nature_artwork_micropass/20260901_role_aware_typography_refreeze/qa/wps_pages/Manuscript_scientific_maintenance_freeze/page-17.png,192529,F4904B5E5176B6DEAE8F8FFB39976F53C7DCA1BBEA60041AE5F456B159437E37
phase17_v7/npj_sba_nature_artwork_micropass/20260901_role_aware_typography_refreeze/qa/wps_pages/Manuscript_scientific_maintenance_freeze/page-18.png,216957,BAEC05E9E9512C03799D46E2B5AE4B28F614977D9F1D881EA13D14C410D97182
phase17_v7/npj_sba_nature_artwork_micropass/20260901_role_aware_typography_refreeze/qa/wps_pages/Manuscript_scientific_maintenance_freeze/page-19.png,208590,8118749576CFB11A5BCD1ACE23E1C6B7A57B0D45CC1370D74C2A86CDEBFAA568
phase17_v7/npj_sba_nature_artwork_micropass/20260901_role_aware_typography_refreeze/qa/wps_pages/Manuscript_scientific_maintenance_freeze/page-20.png,201764,E9F678256D6709D5D941ADA2EBB245C7653847D4B6FDDBF411E33FC74A4E1F63
phase17_v7/npj_sba_nature_artwork_micropass/20260901_role_aware_typography_refreeze/qa/wps_pages/Manuscript_scientific_maintenance_freeze/page-21.png,214910,9A09F9FDD7CBBC5B91ACF2C3B823793CA0F0BD5F66F9497D06F19C8A804A7C3B
phase17_v7/npj_sba_nature_artwork_micropass/20260901_role_aware_typography_refreeze/qa/wps_pages/Manuscript_scientific_maintenance_freeze/page-22.png,209724,97518BEF1425C345E5916F6A39717EB3145A006E699D50E3DC73C83BD9297556
phase17_v7/npj_sba_nature_artwork_micropass/20260901_role_aware_typography_refreeze/qa/wps_pages/Manuscript_scientific_maintenance_freeze/page-23.png,212732,792ED502CFD70CAC794276B220BE794A798E8A1414768ED7CA6A331E58257EBD
phase17_v7/npj_sba_nature_artwork_micropass/20260901_role_aware_typography_refreeze/qa/wps_pages/Manuscript_scientific_maintenance_freeze/page-24.png,186435,5D252403F53D01C7E976AA7E96FACB21CB418DB17BF113F91345A86D93FEC95B
phase17_v7/npj_sba_nature_artwork_micropass/20260901_role_aware_typography_refreeze/qa/wps_pages/Manuscript_scientific_maintenance_freeze/page-25.png,159915,03B4CB68DB11B031B22047000159D2474D05E628328B3C4862608C067ED507F2
phase17_v7/npj_sba_nature_artwork_micropass/20260901_role_aware_typography_refreeze/qa/wps_pages/Manuscript_scientific_maintenance_freeze/page-26.png,194951,9BDB341CC054CDFF66B8FE6C8DE30503D136E62D0650985B77F0A6659FE74C7C
phase17_v7/npj_sba_nature_artwork_micropass/20260901_role_aware_typography_refreeze/qa/wps_pages/Manuscript_scientific_maintenance_freeze/page-27.png,199023,27E2A33FBFE3E1691E3DEA6A2BA1A47CC5421A0AB4A3C39465F95E23E6F1384B
phase17_v7/npj_sba_nature_artwork_micropass/20260901_role_aware_typography_refreeze/qa/wps_pages/Manuscript_scientific_maintenance_freeze/page-28.png,177878,66D5CF47166FCC52AA087F82A514F9483E764BEA7028215FB16E7CD24DAE7181
phase17_v7/npj_sba_nature_artwork_micropass/20260901_role_aware_typography_refreeze/qa/wps_pages/Manuscript_scientific_maintenance_freeze/page-29.png,210437,F78962A3B845AF9519EE9E35BEFEA019265B69E3EC58034F2E23550438AE0966
phase17_v7/npj_sba_nature_artwork_micropass/20260901_role_aware_typography_refreeze/qa/wps_pages/Manuscript_scientific_maintenance_freeze/page-30.png,223460,7BE5116D96D0013FE34095D249C09D4BD9A4DC0CD3968E6F358BA0CE99E9D7D6
phase17_v7/npj_sba_nature_artwork_micropass/20260901_role_aware_typography_refreeze/qa/wps_pages/Manuscript_scientific_maintenance_freeze/page-31.png,227110,77D7FC5C1D8FC66F8A82021342F2D4B39186B5AE723A527F0C9A5E5359DE3982
phase17_v7/npj_sba_nature_artwork_micropass/20260901_role_aware_typography_refreeze/qa/wps_pages/Manuscript_scientific_maintenance_freeze_contact_1.png,751654,A89205CC6C2F24E48F7F0E72F2AC645B62E8CC8FD0B37F6DD2647D17F4AD196F
phase17_v7/npj_sba_nature_artwork_micropass/20260901_role_aware_typography_refreeze/qa/wps_pages/Manuscript_scientific_maintenance_freeze_contact_2.png,782843,8BACEA460844762C56DBE9353F55960B11CF71EF8E384FF27610032FF371040D
phase17_v7/npj_sba_nature_artwork_micropass/20260901_role_aware_typography_refreeze/qa/wps_pages/Manuscript_scientific_maintenance_freeze_contact_3.png,743912,8FD3E1F38E0C41235CE7D06AE78B1DA4F3BE909F30A9B44599211FBC10F6CBC1
phase17_v7/npj_sba_nature_artwork_micropass/20260901_role_aware_typography_refreeze/qa/wps_pages/Manuscript_scientific_maintenance_freeze_contact_4.png,725755,1E76CBC97CB915DD0A5E606EF7DB494421A80AC70A884BCFB21ECFB501B19777
phase17_v7/npj_sba_nature_artwork_micropass/20260901_role_aware_typography_refreeze/qa/wps_pages/Manuscript_scientific_maintenance_freeze_contact_5.png,644851,D5011F55B20D02D98A2A62246C3ABBF8FB8AC64FB94CAB55D15BFE74703C0F95
phase17_v7/npj_sba_nature_artwork_micropass/20260901_role_aware_typography_refreeze/qa/wps_pages/Manuscript_scientific_maintenance_freeze_contact_6.png,153572,8A1916A79D29335861AADE825BAADDD6941E5B90FBCBCE005286B09CAC8A08A8
phase17_v7/npj_sba_nature_artwork_micropass/20260901_role_aware_typography_refreeze/qa/wps_pages/Supplementary_Information_scientific_maintenance_freeze/page-01.png,195830,43F81D89043F50FF8FBD0C5992150ED80F6A903B274F4DC6912E5111DA3FF70F
phase17_v7/npj_sba_nature_artwork_micropass/20260901_role_aware_typography_refreeze/qa/wps_pages/Supplementary_Information_scientific_maintenance_freeze/page-02.png,205955,F678FBA3C9CA6B3E570E73C58F06319893452B2258548759EE0861B4A265857C
phase17_v7/npj_sba_nature_artwork_micropass/20260901_role_aware_typography_refreeze/qa/wps_pages/Supplementary_Information_scientific_maintenance_freeze/page-03.png,186005,41FB358B4F820E23608F8B3A7268A6CFE68E31B1DF60E206A36CF69558D77BE6
phase17_v7/npj_sba_nature_artwork_micropass/20260901_role_aware_typography_refreeze/qa/wps_pages/Supplementary_Information_scientific_maintenance_freeze/page-04.png,189160,55B9D72FADF0569D163A6693767E2C96C6344F2F8A1573669E9AE6329CB6A716
phase17_v7/npj_sba_nature_artwork_micropass/20260901_role_aware_typography_refreeze/qa/wps_pages/Supplementary_Information_scientific_maintenance_freeze/page-05.png,216696,14660350D4E3CABCD5CD026717C3C1F01F2876A126FD2AFADF7B14D985AE9568
phase17_v7/npj_sba_nature_artwork_micropass/20260901_role_aware_typography_refreeze/qa/wps_pages/Supplementary_Information_scientific_maintenance_freeze/page-06.png,46605,D0D031143944EEEC0AE4A09C9D08F16DAE8C553BC1B1EF22F5AABEB5F91220B9
phase17_v7/npj_sba_nature_artwork_micropass/20260901_role_aware_typography_refreeze/qa/wps_pages/Supplementary_Information_scientific_maintenance_freeze/page-07.png,141428,71F84B9555406D8E220C9B645F6911BFD06D53E9501B2CFF9984BA15070F0D33
phase17_v7/npj_sba_nature_artwork_micropass/20260901_role_aware_typography_refreeze/qa/wps_pages/Supplementary_Information_scientific_maintenance_freeze/page-08.png,134153,12A1B85792A10D17E8506879AC771918FFF4DEA083451AED1C13676205AADBB7
phase17_v7/npj_sba_nature_artwork_micropass/20260901_role_aware_typography_refreeze/qa/wps_pages/Supplementary_Information_scientific_maintenance_freeze/page-09.png,106361,4B305246A4221F4667E7ACAE781DD86A05ADCF61FCC7AAB80DF8B01E26118885
phase17_v7/npj_sba_nature_artwork_micropass/20260901_role_aware_typography_refreeze/qa/wps_pages/Supplementary_Information_scientific_maintenance_freeze/page-10.png,116140,848EDC089663A7F9820F038E6AE5796D34F9D85EBD85C0842E09BBE31F09F512
phase17_v7/npj_sba_nature_artwork_micropass/20260901_role_aware_typography_refreeze/qa/wps_pages/Supplementary_Information_scientific_maintenance_freeze/page-11.png,112496,4B6B74FE155868867CAB0DC5FCFCDC52D12EB6B113863A4884A5FB09D0FFA0E3
phase17_v7/npj_sba_nature_artwork_micropass/20260901_role_aware_typography_refreeze/qa/wps_pages/Supplementary_Information_scientific_maintenance_freeze/page-12.png,111057,8815D9244186D72EDB0615B62B97E35A06205B66D15F99A0135023862966A55F
phase17_v7/npj_sba_nature_artwork_micropass/20260901_role_aware_typography_refreeze/qa/wps_pages/Supplementary_Information_scientific_maintenance_freeze/page-13.png,127808,0578FC9DBC5D0E13602EA18468544774720EFFBF771B9DBC5FE1861746311D73
phase17_v7/npj_sba_nature_artwork_micropass/20260901_role_aware_typography_refreeze/qa/wps_pages/Supplementary_Information_scientific_maintenance_freeze/page-14.png,188301,8BD7D57CCFD6FE80E90BE56AD4E3332C545C4C59741E2C8793A0C8A563592891
phase17_v7/npj_sba_nature_artwork_micropass/20260901_role_aware_typography_refreeze/qa/wps_pages/Supplementary_Information_scientific_maintenance_freeze/page-15.png,209946,BAC75024940AB39EC9F419D05544F00A57A286852C366023BB9784D3C8EE053D
phase17_v7/npj_sba_nature_artwork_micropass/20260901_role_aware_typography_refreeze/qa/wps_pages/Supplementary_Information_scientific_maintenance_freeze/page-16.png,165022,9EA87E47B06347D1DFC2CAD707D074C60102899417B5ADA2456CB1183F35E200
phase17_v7/npj_sba_nature_artwork_micropass/20260901_role_aware_typography_refreeze/qa/wps_pages/Supplementary_Information_scientific_maintenance_freeze_contact_1.png,616254,BE935C03C3485520F014FD3BBD368186D10AA4BDC315F300C47124CCBDF2E8E3
phase17_v7/npj_sba_nature_artwork_micropass/20260901_role_aware_typography_refreeze/qa/wps_pages/Supplementary_Information_scientific_maintenance_freeze_contact_2.png,356787,EFB11221BD89293514BEE829DEF93F682C734A92E9C0D3F31E65D4B6521F02B1
phase17_v7/npj_sba_nature_artwork_micropass/20260901_role_aware_typography_refreeze/qa/wps_pages/Supplementary_Information_scientific_maintenance_freeze_contact_3.png,364500,962119DD00F4F41FB4C28574A09FB003303C6F25845A925CA563A18EC4E094B0
phase17_v7/npj_sba_nature_artwork_micropass/20260901_role_aware_typography_refreeze/sources/Manuscript_nature_artwork_micropass.md,57771,9A70A71A82ECFCCD5B6D65ABC5418D83E214521297663CD83878E3D2E7E25A27
phase17_v7/npj_sba_nature_artwork_micropass/20260901_role_aware_typography_refreeze/sources/Supplementary_Information_nature_artwork_micropass.md,18631,BE43C5C87760BDF6A47EF84E46D8447EE65FA7FFF4D196C7D951CC26EB05FC66
