"artifact_group","relative_path","size_bytes","sha256"
"GateC2B1","phase17_v7/gateC2B1/20260810_171000_full_library_doublets/00_full_config.json","527","453FE716442C44AA34C5CBB2AFCC681593B82DB24D5047F19A364C6DDBBD0CDB"
"GateC2B1","phase17_v7/gateC2B1/20260810_171000_full_library_doublets/01_full_qc_decisions.csv.gz","9148865","D1FB1939E4FFA1F61EAC273A9187F36FA01B5A65F4E85F919434B72A88460D98"
"GateC2B1","phase17_v7/gateC2B1/20260810_171000_full_library_doublets/02_full_qc_retention_summary.csv","485","EC6F436AC354D716182253B61A045C1EEC91D06BBD4F9BDF197705768DA91379"
"GateC2B1","phase17_v7/gateC2B1/20260810_171000_full_library_doublets/03_protected_outcome_metadata.csv.gz","2347716","B9F761F3EB31F955532B230FC2EB3B9415F39D628DE4E6741F96DE8A66752BEC"
"GateC2B1","phase17_v7/gateC2B1/20260810_171000_full_library_doublets/04_full_raw_counts.h5ad","270671628","DC3E96BCC53B52D5C53CC0515EE352DC414AE81340032108830408E06F244AD5"
"GateC2B1","phase17_v7/gateC2B1/20260810_171000_full_library_doublets/05_full_library_doublet_summary.csv","11524","A175BD9C014CAF273B3E0E596BCD5572DCBC86A921A2E1272A33DBBCDB30E890"
"GateC2B1","phase17_v7/gateC2B1/20260810_171000_full_library_doublets/06_full_cell_doublet_scores.csv.gz","2052079","271EA9FE22122588C207A1C61E76FC3C3590E5A81C0DC296085D5895FBA877D6"
"GateC2B1","phase17_v7/gateC2B1/20260810_171000_full_library_doublets/07_GATE_C2B1_DOUBLET_REVIEW.json","795","9271EB6DADEDA7E0E15F5EF7DBAC1E4D1C8981424F025FD151328EDF77B9ECDC"
"GateC2B1","phase17_v7/gateC2B1/20260810_171000_full_library_doublets/08_GATE_C2B1_DOUBLET_REVIEW.md","957","4E3F6717D40B5A66B843E434ED559FC7637C8E07B558C4375DE6A19FD2A9932A"
"GateC2B1","phase17_v7/gateC2B1/20260810_171000_full_library_doublets/09_GATE_C2B1_PREPARATION_STATUS.md","1824","DBCF52D849DAC0B1D0457E5062BB105BB7CB698992F2872A3AE3E341A4BBB184"
"GateC2B1","phase17_v7/gateC2B1/20260810_171000_full_library_doublets/10_residual_doublet_cell_diagnostics.csv.gz","7454208","6160D38D953839F54BD15540868F0ADDFA1AD6321B5CD7D65A7E3F71BAD10231"
"GateC2B1","phase17_v7/gateC2B1/20260810_171000_full_library_doublets/11_residual_doublet_module_coverage.csv","289","F1118565982B0DF7CA58CA974BDA81A80F480FC6CE2A552EAFFF5D81DF97B75B"
"GateC2B1","phase17_v7/gateC2B1/20260810_171000_full_library_doublets/12_residual_doublet_group_summary.csv","1439","6E0C4EF7E8DB66D16CCE1EFCC4F5FD31B0BCACA8A7230A91CF904CC02AD5D5BF"
"GateC2B1","phase17_v7/gateC2B1/20260810_171000_full_library_doublets/13_residual_doublet_score_correlations.csv","567","D32A6B410F87D1A505B6EED4A689C420260E2E421D25396FF03D70936F715DA0"
"GateC2B1","phase17_v7/gateC2B1/20260810_171000_full_library_doublets/14_residual_doublet_library_review.csv","13495","92BD97D938EE6E45A240D18C58F95FA0C5FFC997F2F8C25B5FFA86183379C5B9"
"GateC2B1","phase17_v7/gateC2B1/20260810_171000_full_library_doublets/15_GATE_C2B1_RESIDUAL_DOUBLET_ASSESSMENT.md","1139","4855EEDE0FA0965FF73394C8F753B396F1C5562A5118FB8BC3284AB5C039A54F"
"GateC2B1","phase17_v7/gateC2B1/20260810_171000_full_library_doublets/16_GATE_C2B1_DECISION.md","1890","F31CAE7C8CE66B448AB169ADC3FFC1C1CD8FB0851D4B49924B6270F888D6D619"
"GateC2B1","phase17_v7/gateC2B1/20260810_171000_full_library_doublets/17_GATE_C2B1_DECISION.json","2244","3A92D319FBBFCA0CCFC1661AE8E2871FCCBE8FF08CD0A274609E6BC655EBB48A"
"GateC2B1","phase17_v7/gateC2B1/20260810_171000_full_library_doublets/doublet_score_checkpoints/library_02e222c51c75.csv.gz","24037","9A020DA9C2A065D4CFCA2B3F9E28E888873B1DFA573B18ABB3963D5CB9CA7FC0"
"GateC2B1","phase17_v7/gateC2B1/20260810_171000_full_library_doublets/doublet_score_checkpoints/library_02e222c51c75.summary.json","316","F5F146559E90072FB18F498FD820E842BE5072FD91361BC26177505EC1FE604F"
"GateC2B1","phase17_v7/gateC2B1/20260810_171000_full_library_doublets/doublet_score_checkpoints/library_075d34e5715b.csv.gz","26069","CC121845687BC766D29565F8BAA7CB87808EA6944B0B9584CA65E3BD8CD81618"
"GateC2B1","phase17_v7/gateC2B1/20260810_171000_full_library_doublets/doublet_score_checkpoints/library_075d34e5715b.summary.json","317","D19D9152AF64D85C54A48EF50A1E07610BEB8975C6025AE6AB4641E04EA060A7"
"GateC2B1","phase17_v7/gateC2B1/20260810_171000_full_library_doublets/doublet_score_checkpoints/library_077061110fae.csv.gz","22295","BA4E2125E906A95B77A14B669D6002B29DE9A9D28466994F95ECB0C4DFA6EDD5"
"GateC2B1","phase17_v7/gateC2B1/20260810_171000_full_library_doublets/doublet_score_checkpoints/library_077061110fae.summary.json","318","3AC2010ACBFBDA7BAA744E564A6AB16B7290E521CC700254BEBB2249DFC08AF8"
"GateC2B1","phase17_v7/gateC2B1/20260810_171000_full_library_doublets/doublet_score_checkpoints/library_09f0e587e3d2.csv.gz","24243","6637E3DF245FF2702308E9091ABA5E6B7EFAB01175C5A18C1067622021106210"
"GateC2B1","phase17_v7/gateC2B1/20260810_171000_full_library_doublets/doublet_score_checkpoints/library_09f0e587e3d2.summary.json","317","B2CA35E749F3C0040B7ADCE5314EF5279A26E6CC70E862BB127E2BE67D6467F1"
"GateC2B1","phase17_v7/gateC2B1/20260810_171000_full_library_doublets/doublet_score_checkpoints/library_0c6a4da41f33.csv.gz","18568","6D141310B89C98EF01DD49447D866A8DCF358A550746A35BBAE661063772EEDE"
"GateC2B1","phase17_v7/gateC2B1/20260810_171000_full_library_doublets/doublet_score_checkpoints/library_0c6a4da41f33.summary.json","314","E17B0E31495E91C733AAD79B4D64412A3D4C261C3D0FD66A9826D617E67AC3BD"
"GateC2B1","phase17_v7/gateC2B1/20260810_171000_full_library_doublets/doublet_score_checkpoints/library_0f19ab003f3b.csv.gz","22095","0009899E5BF005D3EA2238014F27C454157872D65900C7E91C57A0B675A9F0E1"
"GateC2B1","phase17_v7/gateC2B1/20260810_171000_full_library_doublets/doublet_score_checkpoints/library_0f19ab003f3b.summary.json","317","87413D36C3A94377AECAB5216BED8413BC7C9AE86404279E84FF8894DD0982EE"
"GateC2B1","phase17_v7/gateC2B1/20260810_171000_full_library_doublets/doublet_score_checkpoints/library_0fbe85f06046.csv.gz","20596","97B9E20BB321D09293B3B05F0DB949630F88458E14ADA60DA9CA649CC5796DC3"
"GateC2B1","phase17_v7/gateC2B1/20260810_171000_full_library_doublets/doublet_score_checkpoints/library_0fbe85f06046.summary.json","317","3A1CFC72B135063D56AC456F46B8E33A2CE680C5BDEC7CD8BC8EF5CF6A13C6CB"
"GateC2B1","phase17_v7/gateC2B1/20260810_171000_full_library_doublets/doublet_score_checkpoints/library_10d4288a3a67.csv.gz","19815","72B70352E22A4CA92FBA178F76D191A4057EF671C4E7FFD297A0949DC2B11455"
"GateC2B1","phase17_v7/gateC2B1/20260810_171000_full_library_doublets/doublet_score_checkpoints/library_10d4288a3a67.summary.json","314","1154E46B4C72E230BD6E60B07D3366A035184AFFEA75CBD4A18E58D713E1663A"
"GateC2B1","phase17_v7/gateC2B1/20260810_171000_full_library_doublets/doublet_score_checkpoints/library_128db2cb48a0.csv.gz","22733","00F2EEC28796B281AE1273881276CCCAF4F3712E648506F05A15BE11BFE22E74"
"GateC2B1","phase17_v7/gateC2B1/20260810_171000_full_library_doublets/doublet_score_checkpoints/library_128db2cb48a0.summary.json","315","A326371E7DF61392B3573CB058B705304D7CD0DE6B61E094A208C480635394DF"
"GateC2B1","phase17_v7/gateC2B1/20260810_171000_full_library_doublets/doublet_score_checkpoints/library_1375407dde73.csv.gz","18025","B96C70F008D4139AA2A61EA2886B89BFB0886B723102E83A2ECB5C969336A0A3"
"GateC2B1","phase17_v7/gateC2B1/20260810_171000_full_library_doublets/doublet_score_checkpoints/library_1375407dde73.summary.json","315","EF0518A4E4557F16E76EC8986C4205E825F539668025BDCF5DC38A3BB6036927"
"GateC2B1","phase17_v7/gateC2B1/20260810_171000_full_library_doublets/doublet_score_checkpoints/library_1622b4c38654.csv.gz","26443","D8A7BF642CA6CCE4DC92BB585EC160E8082208F7DD6475CDD8443709E197315A"
"GateC2B1","phase17_v7/gateC2B1/20260810_171000_full_library_doublets/doublet_score_checkpoints/library_1622b4c38654.summary.json","316","D79968547E988F56859F3BC0D1C386BE834A75DF94079293245D61B8E0B07228"
"GateC2B1","phase17_v7/gateC2B1/20260810_171000_full_library_doublets/doublet_score_checkpoints/library_188b504558b0.csv.gz","17441","6019A773893720E1888253939FBF79E83005F90ADAA09FE3FB89F43994DDBEAA"
"GateC2B1","phase17_v7/gateC2B1/20260810_171000_full_library_doublets/doublet_score_checkpoints/library_188b504558b0.summary.json","316","F8D105BB475F45E7525B2638C35459753DF19887AE8F9D25A2707DE42538CA68"
"GateC2B1","phase17_v7/gateC2B1/20260810_171000_full_library_doublets/doublet_score_checkpoints/library_20a2ec79ccde.csv.gz","31406","3AE335E87E4726B1F64B7018588038B59F749AF7146008B970ACE628FB6DEDE1"
"GateC2B1","phase17_v7/gateC2B1/20260810_171000_full_library_doublets/doublet_score_checkpoints/library_20a2ec79ccde.summary.json","314","A10A3357CBF53AE5F194A803F13FC9E15F8C960E09AACFF43D9383AA3BF7E482"
"GateC2B1","phase17_v7/gateC2B1/20260810_171000_full_library_doublets/doublet_score_checkpoints/library_218c837a9ab1.csv.gz","25615","255E89008F76C34E101842B6ACBFEEC6E290AAA758FA9E6E29E0A887244111DA"
"GateC2B1","phase17_v7/gateC2B1/20260810_171000_full_library_doublets/doublet_score_checkpoints/library_218c837a9ab1.summary.json","316","9890F7A2076C02DB5833FEB48C5908D53D2161E5D7131AC670388DD7A6E271C9"
"GateC2B1","phase17_v7/gateC2B1/20260810_171000_full_library_doublets/doublet_score_checkpoints/library_2199204b296b.csv.gz","21548","72B4E1FEE1B54153097317C125A94F5D0E8DC293771621275116273BCE8CDB7B"
"GateC2B1","phase17_v7/gateC2B1/20260810_171000_full_library_doublets/doublet_score_checkpoints/library_2199204b296b.summary.json","315","A2A08CBC34E0F01A4EFE0D6650E5FD2308273A97F996AB0276CA9D927ED6217B"
"GateC2B1","phase17_v7/gateC2B1/20260810_171000_full_library_doublets/doublet_score_checkpoints/library_221c70b9d3cd.csv.gz","22783","44B30072B87CCF7F141BB68D58EF6CEA803DE33A6BF3496D0AC90F300AAD7900"
"GateC2B1","phase17_v7/gateC2B1/20260810_171000_full_library_doublets/doublet_score_checkpoints/library_221c70b9d3cd.summary.json","316","BCB0E5E021E61FAE06525E7ACBAC601C0470BFA38F93E1F0C066CB023D33502C"
"GateC2B1","phase17_v7/gateC2B1/20260810_171000_full_library_doublets/doublet_score_checkpoints/library_22f56aa6cd62.csv.gz","19109","E780BBA8A4D79A528A97AFB33575F06D4085623F03E8F5AB962E0FF49768D879"
"GateC2B1","phase17_v7/gateC2B1/20260810_171000_full_library_doublets/doublet_score_checkpoints/library_22f56aa6cd62.summary.json","315","9F27C3A4469FA8FCA225A72F2A367A5FF6C5259FEDA0372D201E941FD605C12F"
"GateC2B1","phase17_v7/gateC2B1/20260810_171000_full_library_doublets/doublet_score_checkpoints/library_230d22026d8d.csv.gz","21225","29BFCEA3E8CECB977026D9D3D25AA67BE1E685924671D71689B45F813DBADC5F"
"GateC2B1","phase17_v7/gateC2B1/20260810_171000_full_library_doublets/doublet_score_checkpoints/library_230d22026d8d.summary.json","317","7CA526CE669DB0D6686EF01CC0C89321741318B82CF65BEB984308A9C0779E3A"
"GateC2B1","phase17_v7/gateC2B1/20260810_171000_full_library_doublets/doublet_score_checkpoints/library_253859ca1285.csv.gz","20327","F328A8D8607AB0837D941C30B0CB933E29DF6A0806A60DC6B7506DD892D7B655"
"GateC2B1","phase17_v7/gateC2B1/20260810_171000_full_library_doublets/doublet_score_checkpoints/library_253859ca1285.summary.json","315","D1A1B33675C7F89A21C903A7B171DCA38A8F7A68B453E9972510C3A272941D21"
"GateC2B1","phase17_v7/gateC2B1/20260810_171000_full_library_doublets/doublet_score_checkpoints/library_2798751dce7e.csv.gz","22171","ED525F9FD10BBDADC48DFA09FB723761BE8B44939740E66FE33EBBF2A2CB23EA"
"GateC2B1","phase17_v7/gateC2B1/20260810_171000_full_library_doublets/doublet_score_checkpoints/library_2798751dce7e.summary.json","315","5C2F76324E5532FC6229ED8FB3D64AB3358DEEC7586BB90F1CC07DA46FB122ED"
"GateC2B1","phase17_v7/gateC2B1/20260810_171000_full_library_doublets/doublet_score_checkpoints/library_2d62433cacfe.csv.gz","23660","3E11D3BEA6DD09875BBDDBD8541C7D1A1132A792D422133DE18163D35BB8EAC4"
"GateC2B1","phase17_v7/gateC2B1/20260810_171000_full_library_doublets/doublet_score_checkpoints/library_2d62433cacfe.summary.json","317","30724394F2E7B51CB47BC5A43D0648C874A2F6F08CCFBF46AED8DFC8A53740ED"
"GateC2B1","phase17_v7/gateC2B1/20260810_171000_full_library_doublets/doublet_score_checkpoints/library_2ee63a80ca34.csv.gz","25988","5DEC56ED8744CECFE95B34EDF95F84264BC54C92D88A953A01C0B4BBA18AF65B"
"GateC2B1","phase17_v7/gateC2B1/20260810_171000_full_library_doublets/doublet_score_checkpoints/library_2ee63a80ca34.summary.json","316","5A8A74D81B2E74966C96DA890E14B9A62F0C8C88C2E89103401D05500F40CE59"
"GateC2B1","phase17_v7/gateC2B1/20260810_171000_full_library_doublets/doublet_score_checkpoints/library_2ff99026cecf.csv.gz","21528","F87353324CCA55DB47FFC994CACB54F35E1E426E046B3DFA1898669DCCB674FC"
"GateC2B1","phase17_v7/gateC2B1/20260810_171000_full_library_doublets/doublet_score_checkpoints/library_2ff99026cecf.summary.json","315","5105C97692EFB068D7D377632745E4BF820CC3C90236CB25C8653B1C9480BBD1"
"GateC2B1","phase17_v7/gateC2B1/20260810_171000_full_library_doublets/doublet_score_checkpoints/library_30d8ac645877.csv.gz","25666","C90481D36A13EACF12A39A45B52FBBC05EA70C241B71B1C787EFD18441533826"
"GateC2B1","phase17_v7/gateC2B1/20260810_171000_full_library_doublets/doublet_score_checkpoints/library_30d8ac645877.summary.json","316","5532F338F6D3866AF318AD838C86E182706E43AFE2F075D94EA8824CB608EDC8"
"GateC2B1","phase17_v7/gateC2B1/20260810_171000_full_library_doublets/doublet_score_checkpoints/library_315c1487ce63.csv.gz","21717","396FC1AAB4395DBB4CEE9291686D17789D1EF7A70A12AD19B9D83EBFD88998F0"
"GateC2B1","phase17_v7/gateC2B1/20260810_171000_full_library_doublets/doublet_score_checkpoints/library_315c1487ce63.summary.json","315","F0AC1F990AADCFD4C515BB2EBF09D0690FCEA32A9654A4B3722D6F6106E48DB3"
"GateC2B1","phase17_v7/gateC2B1/20260810_171000_full_library_doublets/doublet_score_checkpoints/library_31b527d8c8c9.csv.gz","29901","6E28024E03458F234E2E3504D5C4BDA62422CC56B927E94FAA178AEA38AB2A38"
"GateC2B1","phase17_v7/gateC2B1/20260810_171000_full_library_doublets/doublet_score_checkpoints/library_31b527d8c8c9.summary.json","315","B170ECD8BEB958345F1667277E3C02D2468B6643BCF33B4E85D882A051D8681F"
"GateC2B1","phase17_v7/gateC2B1/20260810_171000_full_library_doublets/doublet_score_checkpoints/library_343ec374e18f.csv.gz","27867","ECF9CC6D9D86F3ECB0862DF9A169B586857ECB7C6479F616043F3A5E8EA143FA"
"GateC2B1","phase17_v7/gateC2B1/20260810_171000_full_library_doublets/doublet_score_checkpoints/library_343ec374e18f.summary.json","316","2CA951417034EADEE5EF5D4F6561463A47CCF999142C7B43E2DA4F496D338FA2"
"GateC2B1","phase17_v7/gateC2B1/20260810_171000_full_library_doublets/doublet_score_checkpoints/library_35288be76858.csv.gz","23126","D2251854813638D837828E67D7C6CCF750EEF7B91E34FF74D0019181EF45B009"
"GateC2B1","phase17_v7/gateC2B1/20260810_171000_full_library_doublets/doublet_score_checkpoints/library_35288be76858.summary.json","316","11DA1822C83C8C1DF2458BA897F1F7485B9B00E5A151CDA11706339C0EC6DB75"
"GateC2B1","phase17_v7/gateC2B1/20260810_171000_full_library_doublets/doublet_score_checkpoints/library_358d427f5a37.csv.gz","7085","68483A00BCC0AF5168E3B25F32A71E940684AD574CF12B38CDA6A102E890DCB9"
"GateC2B1","phase17_v7/gateC2B1/20260810_171000_full_library_doublets/doublet_score_checkpoints/library_358d427f5a37.summary.json","314","662416C7AD65F4444359B4CD1A162F4EF2E97FE0A2A227C89B39BF218B3465ED"
"GateC2B1","phase17_v7/gateC2B1/20260810_171000_full_library_doublets/doublet_score_checkpoints/library_380599f0d787.csv.gz","27044","4B6340A97E9C4CFFE0F667FDFBF39B84123E1BD14E585334826130B8CE9BD562"
"GateC2B1","phase17_v7/gateC2B1/20260810_171000_full_library_doublets/doublet_score_checkpoints/library_380599f0d787.summary.json","316","F020B3A5BE26D603ED139EE6B88B4C5C321ED600D5DC64EF117B4794EBE47CD7"
"GateC2B1","phase17_v7/gateC2B1/20260810_171000_full_library_doublets/doublet_score_checkpoints/library_3b571ddf5338.csv.gz","20537","3802E7A34429057D2D9C4D5D880C1EA29E9399095781EE1D35D0C55D19565DCD"
"GateC2B1","phase17_v7/gateC2B1/20260810_171000_full_library_doublets/doublet_score_checkpoints/library_3b571ddf5338.summary.json","315","94424A809B20274F73A7D0F1FBB34370EF008685F35A4A652980A0A650749D38"
"GateC2B1","phase17_v7/gateC2B1/20260810_171000_full_library_doublets/doublet_score_checkpoints/library_44589c44fd76.csv.gz","20785","A4F2CC651DBF778887EBC5BF6BD0B0F126F3EC9DC65626D88F90DF149AA523C1"
"GateC2B1","phase17_v7/gateC2B1/20260810_171000_full_library_doublets/doublet_score_checkpoints/library_44589c44fd76.summary.json","315","6E87265C0AC119C1027CC2CBB344883FFE3248C31D0BB2DDEED95CBA22BC49C1"
"GateC2B1","phase17_v7/gateC2B1/20260810_171000_full_library_doublets/doublet_score_checkpoints/library_455db01896ce.csv.gz","22634","16325FE7AA0609E9F948306541CFB8CEFA8EF15F5F29B73087010B9937DF69DD"
"GateC2B1","phase17_v7/gateC2B1/20260810_171000_full_library_doublets/doublet_score_checkpoints/library_455db01896ce.summary.json","316","E92A9BAFEE4394C253CCA56691C99D3C4E60F26884409FFE8FEF2B3AB186C032"
"GateC2B1","phase17_v7/gateC2B1/20260810_171000_full_library_doublets/doublet_score_checkpoints/library_5ded2ea02b2b.csv.gz","13039","F4D6C5DBC02D2B27651976EE07071E1090902813EBEA32E64CB343BDFF28E122"
"GateC2B1","phase17_v7/gateC2B1/20260810_171000_full_library_doublets/doublet_score_checkpoints/library_5ded2ea02b2b.summary.json","315","7603074E9C77BF228DB571B71B8BC78DBA41C330ED43F7BDA77B5E3595D85516"
"GateC2B1","phase17_v7/gateC2B1/20260810_171000_full_library_doublets/doublet_score_checkpoints/library_5f8183a03fdc.csv.gz","23655","634086E86D903062AF84F4017BA0BB68A9302213F76276BE71B815058709E47B"
"GateC2B1","phase17_v7/gateC2B1/20260810_171000_full_library_doublets/doublet_score_checkpoints/library_5f8183a03fdc.summary.json","316","AD1A2C0DC9B391B7ACCF8CB53B6186849A5B5A6E0F5B68AEB6C4557FC94E6CDD"
"GateC2B1","phase17_v7/gateC2B1/20260810_171000_full_library_doublets/doublet_score_checkpoints/library_62a1c0c4e9f9.csv.gz","20164","C2D0B54A1D3285B84F2C6CBDFE7DC3917DF3CA734DFB67B86CF7A90958B46AF1"
"GateC2B1","phase17_v7/gateC2B1/20260810_171000_full_library_doublets/doublet_score_checkpoints/library_62a1c0c4e9f9.summary.json","316","9FF1AE72731789083238B4AC4080BB88576C17EFC63B10656347AEE8C787CACE"
"GateC2B1","phase17_v7/gateC2B1/20260810_171000_full_library_doublets/doublet_score_checkpoints/library_6455ee41f5c6.csv.gz","31831","2238736F3331B234CDCED47F297E94E78764E73640DCFE93B2901F16875685F0"
"GateC2B1","phase17_v7/gateC2B1/20260810_171000_full_library_doublets/doublet_score_checkpoints/library_6455ee41f5c6.summary.json","314","1414441B950F73907C6D30AF551791B4B5A82FE6D360525FF6C179E523C9FD1E"
"GateC2B1","phase17_v7/gateC2B1/20260810_171000_full_library_doublets/doublet_score_checkpoints/library_6526acb67fec.csv.gz","21386","DAC2328C384039771A8BB45496E029C1B5E5F9667E6C9FE9E59627E5E07CFC9C"
"GateC2B1","phase17_v7/gateC2B1/20260810_171000_full_library_doublets/doublet_score_checkpoints/library_6526acb67fec.summary.json","316","97F6351619951504F593DF97057559FC430982B604FC816B82EE7E21B2B5CC66"
"GateC2B1","phase17_v7/gateC2B1/20260810_171000_full_library_doublets/doublet_score_checkpoints/library_725f7e62d939.csv.gz","18793","B784695621BA33310E6D4CD181833C7E0227F4FA3EDC1F3D1BAC1BBBCDE003B0"
"GateC2B1","phase17_v7/gateC2B1/20260810_171000_full_library_doublets/doublet_score_checkpoints/library_725f7e62d939.summary.json","316","7538D8D6C6747B17576B2C25F98C9FA918D319EF842048CA189C972569B50A07"
"GateC2B1","phase17_v7/gateC2B1/20260810_171000_full_library_doublets/doublet_score_checkpoints/library_72e73a6775c0.csv.gz","21544","1D18156F89997716B9E5746CD7C6474E736CC9A339E0D567D328428E9020DCC4"
"GateC2B1","phase17_v7/gateC2B1/20260810_171000_full_library_doublets/doublet_score_checkpoints/library_72e73a6775c0.summary.json","316","D64CDADE6AA889DA203DCB8292F7B5AAE8EBE16F7472B39552E1E6CFD354F14E"
"GateC2B1","phase17_v7/gateC2B1/20260810_171000_full_library_doublets/doublet_score_checkpoints/library_76f8dd697ee3.csv.gz","31059","0353662C4F3002ADD5A6C9FF69048089A98DD7074C3CFEA0043C1368D6418D3D"
"GateC2B1","phase17_v7/gateC2B1/20260810_171000_full_library_doublets/doublet_score_checkpoints/library_76f8dd697ee3.summary.json","314","3C69F349629342FF801480CFC83418C052EC68E5862A3EBF9DF13A5EA77DD6D0"
"GateC2B1","phase17_v7/gateC2B1/20260810_171000_full_library_doublets/doublet_score_checkpoints/library_770dfdb815ad.csv.gz","31933","36620996E641D754748489B233B7C5657669459F73345EC3C6416341A6BACC03"
"GateC2B1","phase17_v7/gateC2B1/20260810_171000_full_library_doublets/doublet_score_checkpoints/library_770dfdb815ad.summary.json","314","84728DCCC37DBA47D8922CA10CF5B28E4BC62AF39AAC615401F44A4B823E3D2A"
"GateC2B1","phase17_v7/gateC2B1/20260810_171000_full_library_doublets/doublet_score_checkpoints/library_77878d5bf127.csv.gz","24629","D6EEC4678F424ABDC9CA3AAA20BF987BCC10A876BC1C3409E093BA6DB6B0CD6B"
"GateC2B1","phase17_v7/gateC2B1/20260810_171000_full_library_doublets/doublet_score_checkpoints/library_77878d5bf127.summary.json","317","CC9FF5BD08948ACAB908767A84C9423155B8C8EFD2161AB7172ED00D022AD6E7"
"GateC2B1","phase17_v7/gateC2B1/20260810_171000_full_library_doublets/doublet_score_checkpoints/library_79af7bce4e74.csv.gz","23970","FDFEC215747282106AA88BBA9352E5D18966CA5D1D0F756B30A315A061617723"
"GateC2B1","phase17_v7/gateC2B1/20260810_171000_full_library_doublets/doublet_score_checkpoints/library_79af7bce4e74.summary.json","316","2699139949079C8F31DB3A4840A5BD7655F6BA44F7E8EFB9D64CFE9E0A130798"
"GateC2B1","phase17_v7/gateC2B1/20260810_171000_full_library_doublets/doublet_score_checkpoints/library_7a8897cbbb96.csv.gz","21151","CE15C0DC96897ECF805CD33D4FB2626E4ED9EE417715245A1C6F993B7D96040F"
"GateC2B1","phase17_v7/gateC2B1/20260810_171000_full_library_doublets/doublet_score_checkpoints/library_7a8897cbbb96.summary.json","316","0C257999124B80DA9F9006866468413E20AA2A8930806220F3A48067E700034A"
"GateC2B1","phase17_v7/gateC2B1/20260810_171000_full_library_doublets/doublet_score_checkpoints/library_7d9a6b8de3d6.csv.gz","31601","560E12E57C337CEB65604E96E7311C7ED9C230026A5AE2995BAD068050C1D343"
"GateC2B1","phase17_v7/gateC2B1/20260810_171000_full_library_doublets/doublet_score_checkpoints/library_7d9a6b8de3d6.summary.json","315","5593D1C2A5493BFF20298B172EE805BDECAB493DEE7181E231644CCD8847E3B6"
"GateC2B1","phase17_v7/gateC2B1/20260810_171000_full_library_doublets/doublet_score_checkpoints/library_828dca04d7a4.csv.gz","22184","E2C25E7519F069A18ECF3548E06C4A788EDD9868E07CDCA7B421039DB0040FCE"
"GateC2B1","phase17_v7/gateC2B1/20260810_171000_full_library_doublets/doublet_score_checkpoints/library_828dca04d7a4.summary.json","317","5B041889F3D4A08649CF159A2EA73927F677AC5416FACE2C673D0BCC7B596150"
"GateC2B1","phase17_v7/gateC2B1/20260810_171000_full_library_doublets/doublet_score_checkpoints/library_82973c23ffad.csv.gz","23561","CCDA5B96FFE2757145DBBEE04EA55278A6D04D642F46FF16C402FBCD34429F3E"
"GateC2B1","phase17_v7/gateC2B1/20260810_171000_full_library_doublets/doublet_score_checkpoints/library_82973c23ffad.summary.json","316","3376B9E9CCFFF494122CA1559647CE6143F28586C1B1C4BD23EAC2AD01D0BE4C"
"GateC2B1","phase17_v7/gateC2B1/20260810_171000_full_library_doublets/doublet_score_checkpoints/library_83348f1a7b50.csv.gz","27956","2AB27FABF1DED8358BB82E5A16C3174124140C911C76200350DA4EA5C59FD0C4"
"GateC2B1","phase17_v7/gateC2B1/20260810_171000_full_library_doublets/doublet_score_checkpoints/library_83348f1a7b50.summary.json","316","75425C6068017FA7A21B67990F52BA194A4943E5DEEA53494E1EBC63E542F52A"
"GateC2B1","phase17_v7/gateC2B1/20260810_171000_full_library_doublets/doublet_score_checkpoints/library_83b3d3fe029a.csv.gz","21498","FD6EB2245B234B5250CCC0DD26F23410CAA8ACD7017A84ED2C2A99DC2F8AC181"
"GateC2B1","phase17_v7/gateC2B1/20260810_171000_full_library_doublets/doublet_score_checkpoints/library_83b3d3fe029a.summary.json","316","684A36333545A63E5CCC5B7D4C60660901CA504BA84157FF10032608B60DC2F0"
"GateC2B1","phase17_v7/gateC2B1/20260810_171000_full_library_doublets/doublet_score_checkpoints/library_899d055eb9fd.csv.gz","24177","6400FE84F3DAA75376D6CB8C13DBA410A2804F3395533529C63127F10281B74F"
"GateC2B1","phase17_v7/gateC2B1/20260810_171000_full_library_doublets/doublet_score_checkpoints/library_899d055eb9fd.summary.json","316","EBBE4238B051AA3E914ED3D84133CCF29546D0199E0560EBCBF25EA3DBCC386F"
"GateC2B1","phase17_v7/gateC2B1/20260810_171000_full_library_doublets/doublet_score_checkpoints/library_8c52cfa94f21.csv.gz","20585","0472005FCCA4398661460462DD0C176E6F1533066E1223D69AB83F08996D53A4"
"GateC2B1","phase17_v7/gateC2B1/20260810_171000_full_library_doublets/doublet_score_checkpoints/library_8c52cfa94f21.summary.json","316","265939661BE898B73B073186CCA9C2A2DEB01633AB553828CA06D57C109C34BD"
"GateC2B1","phase17_v7/gateC2B1/20260810_171000_full_library_doublets/doublet_score_checkpoints/library_8cf63a1ff546.csv.gz","20761","19D19E53326BD7B8525155ACD0774E0391F12113C54ED91B2DD30140DDA480A5"
"GateC2B1","phase17_v7/gateC2B1/20260810_171000_full_library_doublets/doublet_score_checkpoints/library_8cf63a1ff546.summary.json","314","AC8F6025A3B789508996EF155B81949C2015969F5102B1977B99E24155CF4F7E"
"GateC2B1","phase17_v7/gateC2B1/20260810_171000_full_library_doublets/doublet_score_checkpoints/library_8cfaec5b7340.csv.gz","22833","019F01D3C357952D03372E35CCFC1BD58F66BBA591C1739F610BD7DBB776BE28"
"GateC2B1","phase17_v7/gateC2B1/20260810_171000_full_library_doublets/doublet_score_checkpoints/library_8cfaec5b7340.summary.json","315","6F388B7FF24CC017A0DC16D99BBA7411493CD2A1F687B30DFD9B7D9B605B654D"
"GateC2B1","phase17_v7/gateC2B1/20260810_171000_full_library_doublets/doublet_score_checkpoints/library_93407fcf5bb0.csv.gz","34022","0112F2CBA19E345DC6FC5FEDC65A96E432D338AB34FD195BAB517514389C171D"
"GateC2B1","phase17_v7/gateC2B1/20260810_171000_full_library_doublets/doublet_score_checkpoints/library_93407fcf5bb0.summary.json","315","7AD0454059EDD82E2774F03A375549CAA4EBEC3D8B10455BDA6FFFD315AB3D1E"
"GateC2B1","phase17_v7/gateC2B1/20260810_171000_full_library_doublets/doublet_score_checkpoints/library_95fde9998f12.csv.gz","26076","43B4B83966BBA0130A9720DF974953AC8B94A7EDFD840ECAD14B218494EAA93F"
"GateC2B1","phase17_v7/gateC2B1/20260810_171000_full_library_doublets/doublet_score_checkpoints/library_95fde9998f12.summary.json","317","9D6D52B3EFC7F00E34953BF8643682882F9FD145D503B76ADE24FFECC7630F2E"
"GateC2B1","phase17_v7/gateC2B1/20260810_171000_full_library_doublets/doublet_score_checkpoints/library_99a032e49472.csv.gz","25815","ABFD75F99BBE88ADC081676E341DB4B645871578F66C7607084AC067AD8D22D5"
"GateC2B1","phase17_v7/gateC2B1/20260810_171000_full_library_doublets/doublet_score_checkpoints/library_99a032e49472.summary.json","317","D1CA75A384993A2368BC6655E33B0F9909CDC5801463B9E1CA9C07EBFB395A86"
"GateC2B1","phase17_v7/gateC2B1/20260810_171000_full_library_doublets/doublet_score_checkpoints/library_9f5765b01912.csv.gz","19586","97572CC0E23617C9A3E1F33DE393FBCF1E958E0363D39F8EBF4D945B3C1807C5"
"GateC2B1","phase17_v7/gateC2B1/20260810_171000_full_library_doublets/doublet_score_checkpoints/library_9f5765b01912.summary.json","314","0CF9758A8DCFCFC0A19E71F697BF03712C651AD562B28F9B11344471624A2CF7"
"GateC2B1","phase17_v7/gateC2B1/20260810_171000_full_library_doublets/doublet_score_checkpoints/library_a53c8b54e29a.csv.gz","30912","25EE81D98BB12C40F5E0B418AFB0307E5727C60F70E35B4AB1E7ED6639FC1D91"
"GateC2B1","phase17_v7/gateC2B1/20260810_171000_full_library_doublets/doublet_score_checkpoints/library_a53c8b54e29a.summary.json","316","05B0E29CED3FCBA793BAACC8FDBEB434E152D78041FF9698C5A6F6A0BC79052E"
"GateC2B1","phase17_v7/gateC2B1/20260810_171000_full_library_doublets/doublet_score_checkpoints/library_a6c7324793f4.csv.gz","20930","F12C3B704DC042896847B42BBBE3E778F5049F0D2D4356273DB08F16D58909AC"
"GateC2B1","phase17_v7/gateC2B1/20260810_171000_full_library_doublets/doublet_score_checkpoints/library_a6c7324793f4.summary.json","312","682A30B817559D7AF28427098A385B3FAA71A0FB8307DE911A107946935659E0"
"GateC2B1","phase17_v7/gateC2B1/20260810_171000_full_library_doublets/doublet_score_checkpoints/library_abcafd51ff2c.csv.gz","22362","F909D344A60433F2F4BECC83BD9A473BC9B8D9953C4028AF9E8E7E5A39820CD8"
"GateC2B1","phase17_v7/gateC2B1/20260810_171000_full_library_doublets/doublet_score_checkpoints/library_abcafd51ff2c.summary.json","316","B0A1EF1D36B8C9A710883BCE4E3676B477BC9A63C3D1F912C1BEEE3FC0A61FFD"
"GateC2B1","phase17_v7/gateC2B1/20260810_171000_full_library_doublets/doublet_score_checkpoints/library_b3ea78d5ac60.csv.gz","22397","BF3E524160CF5CC34DCC8F6BB83627539CE722280553767014C6D8FD1FBDC57B"
"GateC2B1","phase17_v7/gateC2B1/20260810_171000_full_library_doublets/doublet_score_checkpoints/library_b3ea78d5ac60.summary.json","316","52ACC4CF329FD19940D039AFD7552494F7E181C8EB564974F4D5B48CAFCFECF3"
"GateC2B1","phase17_v7/gateC2B1/20260810_171000_full_library_doublets/doublet_score_checkpoints/library_b5638674a415.csv.gz","21155","0BB598D9851444B8DB938E01BC06ED23E89F1DDCA3D732F685A41AE2C9ECD1C8"
"GateC2B1","phase17_v7/gateC2B1/20260810_171000_full_library_doublets/doublet_score_checkpoints/library_b5638674a415.summary.json","315","DBBA3EF20A8E6F64966C502AB710519B65401E066F89DB686149BA66EF749996"
"GateC2B1","phase17_v7/gateC2B1/20260810_171000_full_library_doublets/doublet_score_checkpoints/library_b62112411656.csv.gz","22785","BCD08973AFCCF8F68C131E51C4CED3C4C2EB2FFB972FDD2946101974C671C738"
"GateC2B1","phase17_v7/gateC2B1/20260810_171000_full_library_doublets/doublet_score_checkpoints/library_b62112411656.summary.json","316","C442812620DB20E333502C196C9FA633AB8C0E665C94ADA05DEA6821E1088887"
"GateC2B1","phase17_v7/gateC2B1/20260810_171000_full_library_doublets/doublet_score_checkpoints/library_b7c9e65ae292.csv.gz","22736","7C263614FA10EAFE0C42B1ADA4DDDEEB5161ECFC29AD255F4223C6AE5DA1C17E"
"GateC2B1","phase17_v7/gateC2B1/20260810_171000_full_library_doublets/doublet_score_checkpoints/library_b7c9e65ae292.summary.json","315","7A2D8B9778F2F5945EF0B8397ABF45284C151C0E8A788174DF77E2957CD34625"
"GateC2B1","phase17_v7/gateC2B1/20260810_171000_full_library_doublets/doublet_score_checkpoints/library_c0f5d8b501e4.csv.gz","35587","D25B0A458F18B3904C54F8B6E8563001ABCE482FE6CFC6A86DAE8E90685FD2B9"
"GateC2B1","phase17_v7/gateC2B1/20260810_171000_full_library_doublets/doublet_score_checkpoints/library_c0f5d8b501e4.summary.json","316","CEB1D845742A7A117DF9F8EB2B96B122F75E8840180784E4D9ED616B538A10F5"
"GateC2B1","phase17_v7/gateC2B1/20260810_171000_full_library_doublets/doublet_score_checkpoints/library_c6685cec9456.csv.gz","21170","904B750F0BB51688BFB79AF4E9FBAB5F1ACAC20A923EF2255D620A16C46A6EB5"
"GateC2B1","phase17_v7/gateC2B1/20260810_171000_full_library_doublets/doublet_score_checkpoints/library_c6685cec9456.summary.json","315","7227170B6294432ECE493BE8A3739CB5B493FE3F5B672C2B48A0706D7FCAFF41"
"GateC2B1","phase17_v7/gateC2B1/20260810_171000_full_library_doublets/doublet_score_checkpoints/library_ccbf4ec9e98c.csv.gz","25738","2AE3F3B6B4F0118101079262C65527A91BBC82FC69AE0BFDC7D7534E090242C2"
"GateC2B1","phase17_v7/gateC2B1/20260810_171000_full_library_doublets/doublet_score_checkpoints/library_ccbf4ec9e98c.summary.json","317","DD85DACC9AA0BFF5D0EBD68A17C1A484F61223226CD070EA5D2E5E5291CF1729"
"GateC2B1","phase17_v7/gateC2B1/20260810_171000_full_library_doublets/doublet_score_checkpoints/library_cccf4c47bc9d.csv.gz","22709","A159EB66728F4C5DFF5A9EB6331723998167EA02ECD094ED9B0139B99B937370"
"GateC2B1","phase17_v7/gateC2B1/20260810_171000_full_library_doublets/doublet_score_checkpoints/library_cccf4c47bc9d.summary.json","316","DC2CF3812D8BAA3BA0B823E6641AD40693193BFDAFE03669119C3D0971FAFC10"
"GateC2B1","phase17_v7/gateC2B1/20260810_171000_full_library_doublets/doublet_score_checkpoints/library_d076c8c28e3d.csv.gz","22719","7870B50C5A7CA59C20D1251FEAB1D47B139300BC5C8800B88BA22D2947A33037"
"GateC2B1","phase17_v7/gateC2B1/20260810_171000_full_library_doublets/doublet_score_checkpoints/library_d076c8c28e3d.summary.json","317","6F9A9F2E01CC9E12C51FC2A5176F2E289EFD3054C9DBD81D0B045F59569907FA"
"GateC2B1","phase17_v7/gateC2B1/20260810_171000_full_library_doublets/doublet_score_checkpoints/library_d2a865158ce2.csv.gz","26481","DC6DC0DDFD39E4E14CC95F9FB7F43583B022FFC2BF08DE0C9172DCE7466C37DB"
"GateC2B1","phase17_v7/gateC2B1/20260810_171000_full_library_doublets/doublet_score_checkpoints/library_d2a865158ce2.summary.json","317","3AD9A2BFB1A2B5F8439386C2916C8907706DB0E8482B12EA996B1677B1513B75"
"GateC2B1","phase17_v7/gateC2B1/20260810_171000_full_library_doublets/doublet_score_checkpoints/library_d8d3bef6d381.csv.gz","24053","4D009CECDB959C90409AF7C9030081D82FA0B4E98092E06CBB25E8739F656E29"
"GateC2B1","phase17_v7/gateC2B1/20260810_171000_full_library_doublets/doublet_score_checkpoints/library_d8d3bef6d381.summary.json","317","1955B69A4C2A4E2420C6C30139039F69517C6E387DE409A770CD599250FFD3FC"
"GateC2B1","phase17_v7/gateC2B1/20260810_171000_full_library_doublets/doublet_score_checkpoints/library_d9e8bd79e478.csv.gz","25038","0C6227D198AEEE2101EFF578DAAD3C34960D2A7DC4F567F488D06BF6E562E36C"
"GateC2B1","phase17_v7/gateC2B1/20260810_171000_full_library_doublets/doublet_score_checkpoints/library_d9e8bd79e478.summary.json","317","BC48350A330A2B9E91884E8A86D67603AD19CE534198FF4F83C08D20F779B2EF"
"GateC2B1","phase17_v7/gateC2B1/20260810_171000_full_library_doublets/doublet_score_checkpoints/library_dba6e22fb6b0.csv.gz","24892","65CBF5E7E2827DFEBD37781694F8DEC0292C2ED80F75544D71685B0B03F339D0"
"GateC2B1","phase17_v7/gateC2B1/20260810_171000_full_library_doublets/doublet_score_checkpoints/library_dba6e22fb6b0.summary.json","316","23585463FF6199D8596C2C5F7CD59D7E8062D099A29292294638005B4E847657"
"GateC2B1","phase17_v7/gateC2B1/20260810_171000_full_library_doublets/doublet_score_checkpoints/library_dca7e0c6ca9d.csv.gz","24183","8BBBEB32D1F794CEBC02653DCF079B979A8AB290024A74B5AC098A0917AF3291"
"GateC2B1","phase17_v7/gateC2B1/20260810_171000_full_library_doublets/doublet_score_checkpoints/library_dca7e0c6ca9d.summary.json","314","DC33AEAFACFA28CFDFA94E7AC64EB72C79655F08EC5D2A9CECB53C0F02BFAE00"
"GateC2B1","phase17_v7/gateC2B1/20260810_171000_full_library_doublets/doublet_score_checkpoints/library_de464cffd820.csv.gz","22155","FDA6D1A66559B770B1D185CE9BDC9811066B9ED809681A00DE5AA031503CA841"
"GateC2B1","phase17_v7/gateC2B1/20260810_171000_full_library_doublets/doublet_score_checkpoints/library_de464cffd820.summary.json","314","1362C67B57BD777FC726FEDA0B8FA3234549C18AAD5D998316301346B7EE9805"
"GateC2B1","phase17_v7/gateC2B1/20260810_171000_full_library_doublets/doublet_score_checkpoints/library_e5d2ac9352ef.csv.gz","26704","223FC0523189F3695E227398481580BB36CFEB00B69A0B9BFF447AC639A8862A"
"GateC2B1","phase17_v7/gateC2B1/20260810_171000_full_library_doublets/doublet_score_checkpoints/library_e5d2ac9352ef.summary.json","314","BBE1B0130610B0E57FBD172F13536AFAEB7E6EA5C05E4B97A57B04B0A862AE5A"
"GateC2B1","phase17_v7/gateC2B1/20260810_171000_full_library_doublets/doublet_score_checkpoints/library_e757a64396f8.csv.gz","20331","5ABC478B5893A3A2F69A415AA6EE98B255157E7E7565853FEDD0A57009569C59"
"GateC2B1","phase17_v7/gateC2B1/20260810_171000_full_library_doublets/doublet_score_checkpoints/library_e757a64396f8.summary.json","316","9748165595A845FDCF648AA31AF7AE8721D27E0A6690964D8D1445C29376FB00"
"GateC2B1","phase17_v7/gateC2B1/20260810_171000_full_library_doublets/doublet_score_checkpoints/library_eb43643ce871.csv.gz","20325","D15654BD8794C2314E18D8FBEE90D128E0AD78A91A45A76C1F52EADDA0FB19E6"
"GateC2B1","phase17_v7/gateC2B1/20260810_171000_full_library_doublets/doublet_score_checkpoints/library_eb43643ce871.summary.json","314","7A906CF912491AA8AE19871EC9D923FC68EC4E8931B04D7AAD4BA2076580B97B"
"GateC2B1","phase17_v7/gateC2B1/20260810_171000_full_library_doublets/doublet_score_checkpoints/library_eb78fff7e780.csv.gz","26493","20DEC4326F2C511A41C660E600B0C9A5A4944149B2E5D6D5B8B9EDF2C9E6BA85"
"GateC2B1","phase17_v7/gateC2B1/20260810_171000_full_library_doublets/doublet_score_checkpoints/library_eb78fff7e780.summary.json","317","7208666CD44EC5C2A8A30EDBC8CF7B4FADD19379A5224F44EECB807716743FBF"
"GateC2B1","phase17_v7/gateC2B1/20260810_171000_full_library_doublets/doublet_score_checkpoints/library_ed60ab70de03.csv.gz","20850","FEBBCCCAAF9E34319B8E622F60BB6A6E2B78F4A51BB6B4679B0EC44D8765DDA7"
"GateC2B1","phase17_v7/gateC2B1/20260810_171000_full_library_doublets/doublet_score_checkpoints/library_ed60ab70de03.summary.json","314","9510E2BD0F614B8CE2A315EDFCC15C0B7F6E6C05811D4843DE7D71E10CE50D4E"
"GateC2B1","phase17_v7/gateC2B1/20260810_171000_full_library_doublets/doublet_score_checkpoints/library_ee0866008cae.csv.gz","24116","8C944416AC148692F248647DFDE65E69AB06A9CE8055A649A65026A63606A231"
"GateC2B1","phase17_v7/gateC2B1/20260810_171000_full_library_doublets/doublet_score_checkpoints/library_ee0866008cae.summary.json","317","4198D6FEB07208A9E558705ECEAF5939CBDACA672102EEF5EBACD63D3302E0B9"
"GateC2B1","phase17_v7/gateC2B1/20260810_171000_full_library_doublets/doublet_score_checkpoints/library_efd084b4c06c.csv.gz","19004","9FD0F80714ECE8797B7546AB155A00715E635B1CCE0B986C0F96CE4A26E6CE63"
"GateC2B1","phase17_v7/gateC2B1/20260810_171000_full_library_doublets/doublet_score_checkpoints/library_efd084b4c06c.summary.json","316","5A9E2A9577E36600CDD6CF9D99B2AEC71430EDC9EBC10B02810F765CA272A6B5"
"GateC2B1","phase17_v7/gateC2B1/20260810_171000_full_library_doublets/doublet_score_checkpoints/library_effec7994165.csv.gz","20862","3CAA7FBCB9A77B69F79534C1A1BE9ECC6D531101425B800714BEA0F76065315B"
"GateC2B1","phase17_v7/gateC2B1/20260810_171000_full_library_doublets/doublet_score_checkpoints/library_effec7994165.summary.json","317","D7D38F82A9907DDD6E3ACFD5704173F7E36B60BA1A3D386E7ED468DC8E3A9008"
"GateC2B1","phase17_v7/gateC2B1/20260810_171000_full_library_doublets/doublet_score_checkpoints/library_f10b910438be.csv.gz","34332","8FCA0966107A13D4A4DBEBA7083400C42C8160E469B41A8CCF40E889D49C6248"
"GateC2B1","phase17_v7/gateC2B1/20260810_171000_full_library_doublets/doublet_score_checkpoints/library_f10b910438be.summary.json","316","402249CF08BB30D9DBE4D282C03FBDF287F8BC37045171F1B0A4FA2AA1CA4064"
"GateC2B1","phase17_v7/gateC2B1/20260810_171000_full_library_doublets/doublet_score_checkpoints/library_f3d4d2018f71.csv.gz","20550","9DBCA1F84C0BCD6074826D5F9E9BD9A3DE640D0D5426ACAB3F737DE9FF3398F4"
"GateC2B1","phase17_v7/gateC2B1/20260810_171000_full_library_doublets/doublet_score_checkpoints/library_f3d4d2018f71.summary.json","314","846F1AD49F76466D2E3426FA949811D439F9F94819E7E777A207992788CFDFB4"
"GateC2B1","phase17_v7/gateC2B1/20260810_171000_full_library_doublets/doublet_score_checkpoints/library_fb860df38968.csv.gz","12730","08F6665CF91F464BF43EE2C6989F516CB4E9DB064A395E8A561EE221B4F94E1E"
"GateC2B1","phase17_v7/gateC2B1/20260810_171000_full_library_doublets/doublet_score_checkpoints/library_fb860df38968.summary.json","313","08E883B7585F9B9BC5390E9CCEBC6CA6AF662E43AB6CBD5ABA24C705801302A5"
"GateC2B1","phase17_v7/gateC2B1/20260810_171000_full_library_doublets/doublet_score_checkpoints/library_feb17bd0005f.csv.gz","29215","B223DA484CD4B36D889B09CEE5A1C38214B6DCB214502392EAEBC8200B4999E8"
"GateC2B1","phase17_v7/gateC2B1/20260810_171000_full_library_doublets/doublet_score_checkpoints/library_feb17bd0005f.summary.json","316","06F2FED4067F091F8A51640D39CBE28320D9C691FE050140060CBADA349501EB"
"GateC2B1","phase17_v7/gateC2B1/20260810_171000_full_library_doublets/figures/full_library_doublet_diagnostics.pdf","15055","122E601EF97BA2E4CB1DB72C9B85F90C77C4F585067CA906B6D17F2B59ECB7F6"
"GateC2B1","phase17_v7/gateC2B1/20260810_171000_full_library_doublets/figures/full_library_doublet_diagnostics.png","64117","56BF373BDBF39D1795027C8384C4CC8BD50B2B55274A1132B3B4EF6E055A774D"
"GateC2B1","phase17_v7/gateC2B1/20260810_171000_full_library_doublets/figures/residual_doublet_multimetric_review.pdf","28687","CC934CDCBAC851E4346813423E52B16C7C036F6343D2BC6F80EEC9D87B0BAB63"
"GateC2B1","phase17_v7/gateC2B1/20260810_171000_full_library_doublets/figures/residual_doublet_multimetric_review.png","208108","948CCF3A2E864F1BE49A77E4FE4DF51323D82EA64CFDC5D49C5CDC461F53C624"
"BLineagePrecheck","phase17_v7/gateC2B2_prechecks/blineage_extraction_completeness/01_blineage_source_summary.csv","332","A1F645D39C23CDD123622B00F10DE11CBBC10C84D919C3A08A712EE6208A3482"
"BLineagePrecheck","phase17_v7/gateC2B2_prechecks/blineage_extraction_completeness/02_blineage_marker_coverage.csv","339","549EA6AEBA3DB399BA75050DE70FCB51B446A5979B9FCC0A20A183A163352BA7"
"BLineagePrecheck","phase17_v7/gateC2B2_prechecks/blineage_extraction_completeness/03_blineage_candidate_rule_sensitivity.csv","1109","C0156679700AF2C856D9979498A9DD0866C20DB99386674260677177B763D6F4"
"BLineagePrecheck","phase17_v7/gateC2B2_prechecks/blineage_extraction_completeness/04_blineage_strict_candidates.csv.gz","221164","0B8B3D927B52E729482FFDCC4B07300094222428F4721A905D35EB0C3E740F5D"
"BLineagePrecheck","phase17_v7/gateC2B2_prechecks/blineage_extraction_completeness/05_blineage_candidates_by_source_label.csv","895","567AD82C91D44BEA4DA6035635511D00A979D48DD8D9B8C821B6832A3A6867E9"
"BLineagePrecheck","phase17_v7/gateC2B2_prechecks/blineage_extraction_completeness/06_BLINEAGE_EXTRACTION_AUDIT.md","1027","149D95E51601D3F5A720A710C31F3E63459D52B3A0E314F921F619A6A856A608"
"BLineagePrecheck","phase17_v7/gateC2B2_prechecks/blineage_extraction_completeness/07_blineage_candidate_gene_profiles.csv.gz","371529","317F3B3150848AD12FFD6572D449869529B5CD0ACC5AFD9550B1D1ADFAD058CA"
"BLineagePrecheck","phase17_v7/gateC2B2_prechecks/blineage_extraction_completeness/08_blineage_refined_candidates_by_source_label.csv","715","A2807A283FACA2001A25F1DCD5DD6CB020EB61D523D8115FEEBF8F6A0C925741"
"BLineagePrecheck","phase17_v7/gateC2B2_prechecks/blineage_extraction_completeness/09_blineage_candidate_gene_prevalence.csv","13167","00745ED3B7FFB5623419838BF54BBEDA82C1D43EB7E4D5897F2AF713B76D5EC4"
"BLineagePrecheck","phase17_v7/gateC2B2_prechecks/blineage_extraction_completeness/10_BLINEAGE_INPUT_DECISION.md","1300","37E6E70AFFC376D7443C7392E2230CAEB4B12FCC5E331876E44E31C8B9FCC759"
"BLineagePrecheck","phase17_v7/gateC2B2_prechecks/blineage_extraction_completeness/11_BLINEAGE_INPUT_DECISION.json","612","950366090EE06B0A03EF67DC59D882FCC258BBA7AFD411EBC20D7B39C6C5ADAC"
"BLineagePrecheck","phase17_v7/gateC2B2_prechecks/blineage_extraction_completeness/figures/blineage_candidate_refinement.pdf","15360","357B4C00D6654063EF6B3B3893D23C0FC763EDAECAF3855977E3F93F652F590C"
"BLineagePrecheck","phase17_v7/gateC2B2_prechecks/blineage_extraction_completeness/figures/blineage_candidate_refinement.png","99879","468C7BA00FCE13B88CE0DBCA781291F2E977D86EF4F44856DF9FC4AC6AE35987"
"BLineagePrecheck","phase17_v7/gateC2B2_prechecks/blineage_extraction_completeness/figures/blineage_candidates_by_source_label.pdf","14382","5765774F14C185DB66DE1395B030D36954F9D365E8B9D775C549362E2C6DD459"
"BLineagePrecheck","phase17_v7/gateC2B2_prechecks/blineage_extraction_completeness/figures/blineage_candidates_by_source_label.png","99098","267673891E2C26C3EBE0ECDBF68653E134898C2528EB1A524E4255A423BFD244"
