pseudobulk_row,representation,sample_id,accession,frozen_compartment,source_label,cell_count,library_size_umi,detected_genes
0,compartment,JB17001,GSM4029896,B_CONV_ANALOG,,1340,3236607,15207
1,compartment,JB17001,GSM4029896,B_ASC_CONTROL,,0,0,0
2,source_label,JB17001,GSM4029896,B_CONV_ANALOG,B-caSC0,456,1086679,12937
3,source_label,JB17001,GSM4029896,B_CONV_ANALOG,B-caSC1,54,119888,8551
4,source_label,JB17001,GSM4029896,B_CONV_ANALOG,B-caSC2,64,152805,9138
5,source_label,JB17001,GSM4029896,B_CONV_ANALOG,B-caSC3,436,1095402,13143
6,source_label,JB17001,GSM4029896,B_CONV_ANALOG,B-caSC4,57,120964,8534
7,source_label,JB17001,GSM4029896,B_CONV_ANALOG,B-caSC5,76,190274,9600
8,source_label,JB17001,GSM4029896,B_CONV_ANALOG,B-caSC6,115,245537,10175
9,source_label,JB17001,GSM4029896,B_CONV_ANALOG,B-caSC7,82,225058,9805
10,source_label,JB17001,GSM4029896,B_ASC_CONTROL,PC-caSC0,0,0,0
11,source_label,JB17001,GSM4029896,B_ASC_CONTROL,PC-caSC1,0,0,0
12,compartment,JB17002,GSM4029897,B_CONV_ANALOG,,977,2146070,14173
13,compartment,JB17002,GSM4029897,B_ASC_CONTROL,,0,0,0
14,source_label,JB17002,GSM4029897,B_CONV_ANALOG,B-caSC0,580,1244492,13052
15,source_label,JB17002,GSM4029897,B_CONV_ANALOG,B-caSC1,68,142905,8548
16,source_label,JB17002,GSM4029897,B_CONV_ANALOG,B-caSC2,57,165298,8906
17,source_label,JB17002,GSM4029897,B_CONV_ANALOG,B-caSC3,68,138755,8567
18,source_label,JB17002,GSM4029897,B_CONV_ANALOG,B-caSC4,58,113076,7989
19,source_label,JB17002,GSM4029897,B_CONV_ANALOG,B-caSC5,35,91720,7438
20,source_label,JB17002,GSM4029897,B_CONV_ANALOG,B-caSC6,81,178416,9144
21,source_label,JB17002,GSM4029897,B_CONV_ANALOG,B-caSC7,30,71408,6751
22,source_label,JB17002,GSM4029897,B_ASC_CONTROL,PC-caSC0,0,0,0
23,source_label,JB17002,GSM4029897,B_ASC_CONTROL,PC-caSC1,0,0,0
24,compartment,JB17003,GSM4029898,B_CONV_ANALOG,,399,1061522,13236
25,compartment,JB17003,GSM4029898,B_ASC_CONTROL,,10,90666,7467
26,source_label,JB17003,GSM4029898,B_CONV_ANALOG,B-caSC0,132,321875,10841
27,source_label,JB17003,GSM4029898,B_CONV_ANALOG,B-caSC1,4,7921,2066
28,source_label,JB17003,GSM4029898,B_CONV_ANALOG,B-caSC2,58,193324,9525
29,source_label,JB17003,GSM4029898,B_CONV_ANALOG,B-caSC3,118,288871,10583
30,source_label,JB17003,GSM4029898,B_CONV_ANALOG,B-caSC4,10,18302,3793
31,source_label,JB17003,GSM4029898,B_CONV_ANALOG,B-caSC5,49,155126,9153
32,source_label,JB17003,GSM4029898,B_CONV_ANALOG,B-caSC6,16,43142,5939
33,source_label,JB17003,GSM4029898,B_CONV_ANALOG,B-caSC7,12,32961,5037
34,source_label,JB17003,GSM4029898,B_ASC_CONTROL,PC-caSC0,5,42360,5441
35,source_label,JB17003,GSM4029898,B_ASC_CONTROL,PC-caSC1,5,48306,5871
36,compartment,JB17004,GSM4029899,B_CONV_ANALOG,,438,1084844,13038
37,compartment,JB17004,GSM4029899,B_ASC_CONTROL,,0,0,0
38,source_label,JB17004,GSM4029899,B_CONV_ANALOG,B-caSC0,208,438730,11258
39,source_label,JB17004,GSM4029899,B_CONV_ANALOG,B-caSC1,5,9272,2601
40,source_label,JB17004,GSM4029899,B_CONV_ANALOG,B-caSC2,84,255415,10048
41,source_label,JB17004,GSM4029899,B_CONV_ANALOG,B-caSC3,26,55459,6462
42,source_label,JB17004,GSM4029899,B_CONV_ANALOG,B-caSC4,12,24193,4361
43,source_label,JB17004,GSM4029899,B_CONV_ANALOG,B-caSC5,67,229343,9778
44,source_label,JB17004,GSM4029899,B_CONV_ANALOG,B-caSC6,29,58026,6616
45,source_label,JB17004,GSM4029899,B_CONV_ANALOG,B-caSC7,7,14406,3202
46,source_label,JB17004,GSM4029899,B_ASC_CONTROL,PC-caSC0,0,0,0
47,source_label,JB17004,GSM4029899,B_ASC_CONTROL,PC-caSC1,0,0,0
48,compartment,JB17005,GSM4029900,B_CONV_ANALOG,,373,936948,12594
49,compartment,JB17005,GSM4029900,B_ASC_CONTROL,,4,24435,4223
50,source_label,JB17005,GSM4029900,B_CONV_ANALOG,B-caSC0,103,235288,9546
51,source_label,JB17005,GSM4029900,B_CONV_ANALOG,B-caSC1,149,365976,10471
52,source_label,JB17005,GSM4029900,B_CONV_ANALOG,B-caSC2,53,177014,9006
53,source_label,JB17005,GSM4029900,B_CONV_ANALOG,B-caSC3,1,2566,791
54,source_label,JB17005,GSM4029900,B_CONV_ANALOG,B-caSC4,28,61120,6248
55,source_label,JB17005,GSM4029900,B_CONV_ANALOG,B-caSC5,3,10492,2353
56,source_label,JB17005,GSM4029900,B_CONV_ANALOG,B-caSC6,27,62463,6162
57,source_label,JB17005,GSM4029900,B_CONV_ANALOG,B-caSC7,9,22029,3822
58,source_label,JB17005,GSM4029900,B_ASC_CONTROL,PC-caSC0,0,0,0
59,source_label,JB17005,GSM4029900,B_ASC_CONTROL,PC-caSC1,4,24435,4223
60,compartment,JB17006,GSM4029901,B_CONV_ANALOG,,386,1035575,12378
61,compartment,JB17006,GSM4029901,B_ASC_CONTROL,,0,0,0
62,source_label,JB17006,GSM4029901,B_CONV_ANALOG,B-caSC0,231,602361,11197
63,source_label,JB17006,GSM4029901,B_CONV_ANALOG,B-caSC1,39,97947,7116
64,source_label,JB17006,GSM4029901,B_CONV_ANALOG,B-caSC2,45,149136,8337
65,source_label,JB17006,GSM4029901,B_CONV_ANALOG,B-caSC3,1,2294,946
66,source_label,JB17006,GSM4029901,B_CONV_ANALOG,B-caSC4,12,27400,4065
67,source_label,JB17006,GSM4029901,B_CONV_ANALOG,B-caSC5,4,13240,2513
68,source_label,JB17006,GSM4029901,B_CONV_ANALOG,B-caSC6,35,99773,7287
69,source_label,JB17006,GSM4029901,B_CONV_ANALOG,B-caSC7,19,43424,5129
70,source_label,JB17006,GSM4029901,B_ASC_CONTROL,PC-caSC0,0,0,0
71,source_label,JB17006,GSM4029901,B_ASC_CONTROL,PC-caSC1,0,0,0
72,compartment,JB17007,GSM4029902,B_CONV_ANALOG,,386,998577,12832
73,compartment,JB17007,GSM4029902,B_ASC_CONTROL,,0,0,0
74,source_label,JB17007,GSM4029902,B_CONV_ANALOG,B-caSC0,170,435510,11102
75,source_label,JB17007,GSM4029902,B_CONV_ANALOG,B-caSC1,6,11197,2587
76,source_label,JB17007,GSM4029902,B_CONV_ANALOG,B-caSC2,43,131797,8369
77,source_label,JB17007,GSM4029902,B_CONV_ANALOG,B-caSC3,79,191197,9280
78,source_label,JB17007,GSM4029902,B_CONV_ANALOG,B-caSC4,5,7447,2174
79,source_label,JB17007,GSM4029902,B_CONV_ANALOG,B-caSC5,47,137084,8504
80,source_label,JB17007,GSM4029902,B_CONV_ANALOG,B-caSC6,25,59040,6324
81,source_label,JB17007,GSM4029902,B_CONV_ANALOG,B-caSC7,11,25305,4304
82,source_label,JB17007,GSM4029902,B_ASC_CONTROL,PC-caSC0,0,0,0
83,source_label,JB17007,GSM4029902,B_ASC_CONTROL,PC-caSC1,0,0,0
84,compartment,JB17008,GSM4029903,B_CONV_ANALOG,,536,1536767,13270
85,compartment,JB17008,GSM4029903,B_ASC_CONTROL,,1,8594,2233
86,source_label,JB17008,GSM4029903,B_CONV_ANALOG,B-caSC0,152,342210,10144
87,source_label,JB17008,GSM4029903,B_CONV_ANALOG,B-caSC1,11,26188,3936
88,source_label,JB17008,GSM4029903,B_CONV_ANALOG,B-caSC2,135,442928,10690
89,source_label,JB17008,GSM4029903,B_CONV_ANALOG,B-caSC3,38,85971,7033
90,source_label,JB17008,GSM4029903,B_CONV_ANALOG,B-caSC4,3,5170,1317
91,source_label,JB17008,GSM4029903,B_CONV_ANALOG,B-caSC5,176,589497,11298
92,source_label,JB17008,GSM4029903,B_CONV_ANALOG,B-caSC6,18,39174,4814
93,source_label,JB17008,GSM4029903,B_CONV_ANALOG,B-caSC7,3,5629,1433
94,source_label,JB17008,GSM4029903,B_ASC_CONTROL,PC-caSC0,1,8594,2233
95,source_label,JB17008,GSM4029903,B_ASC_CONTROL,PC-caSC1,0,0,0
96,compartment,JB17015,GSM4029904,B_CONV_ANALOG,,1355,4508126,14711
97,compartment,JB17015,GSM4029904,B_ASC_CONTROL,,10,83118,6809
98,source_label,JB17015,GSM4029904,B_CONV_ANALOG,B-caSC0,13,35540,4394
99,source_label,JB17015,GSM4029904,B_CONV_ANALOG,B-caSC1,678,2047788,13071
100,source_label,JB17015,GSM4029904,B_CONV_ANALOG,B-caSC2,567,2115935,13288
101,source_label,JB17015,GSM4029904,B_CONV_ANALOG,B-caSC3,2,12799,2793
102,source_label,JB17015,GSM4029904,B_CONV_ANALOG,B-caSC4,46,126469,7434
103,source_label,JB17015,GSM4029904,B_CONV_ANALOG,B-caSC5,43,155465,8204
104,source_label,JB17015,GSM4029904,B_CONV_ANALOG,B-caSC6,1,2078,703
105,source_label,JB17015,GSM4029904,B_CONV_ANALOG,B-caSC7,5,12052,2271
106,source_label,JB17015,GSM4029904,B_ASC_CONTROL,PC-caSC0,1,1979,776
107,source_label,JB17015,GSM4029904,B_ASC_CONTROL,PC-caSC1,9,81139,6743
108,compartment,JB17016,GSM4029905,B_CONV_ANALOG,,1604,4509045,15124
109,compartment,JB17016,GSM4029905,B_ASC_CONTROL,,76,540845,11042
110,source_label,JB17016,GSM4029905,B_CONV_ANALOG,B-caSC0,199,515852,10819
111,source_label,JB17016,GSM4029905,B_CONV_ANALOG,B-caSC1,13,42007,5039
112,source_label,JB17016,GSM4029905,B_CONV_ANALOG,B-caSC2,54,195779,8770
113,source_label,JB17016,GSM4029905,B_CONV_ANALOG,B-caSC3,968,2511875,13853
114,source_label,JB17016,GSM4029905,B_CONV_ANALOG,B-caSC4,1,5363,1251
115,source_label,JB17016,GSM4029905,B_CONV_ANALOG,B-caSC5,342,1163525,12558
116,source_label,JB17016,GSM4029905,B_CONV_ANALOG,B-caSC6,26,72571,6319
117,source_label,JB17016,GSM4029905,B_CONV_ANALOG,B-caSC7,1,2073,714
118,source_label,JB17016,GSM4029905,B_ASC_CONTROL,PC-caSC0,58,426421,10561
119,source_label,JB17016,GSM4029905,B_ASC_CONTROL,PC-caSC1,18,114424,7388
120,compartment,JB17014,GSM4029906,B_CONV_ANALOG,,616,1812163,13109
121,compartment,JB17014,GSM4029906,B_ASC_CONTROL,,2,7883,2133
122,source_label,JB17014,GSM4029906,B_CONV_ANALOG,B-caSC0,37,90432,6756
123,source_label,JB17014,GSM4029906,B_CONV_ANALOG,B-caSC1,223,619626,11002
124,source_label,JB17014,GSM4029906,B_CONV_ANALOG,B-caSC2,156,599501,11053
125,source_label,JB17014,GSM4029906,B_CONV_ANALOG,B-caSC3,6,15899,2861
126,source_label,JB17014,GSM4029906,B_CONV_ANALOG,B-caSC4,105,254711,9247
127,source_label,JB17014,GSM4029906,B_CONV_ANALOG,B-caSC5,26,80612,6489
128,source_label,JB17014,GSM4029906,B_CONV_ANALOG,B-caSC6,22,52566,5610
129,source_label,JB17014,GSM4029906,B_CONV_ANALOG,B-caSC7,41,98816,6952
130,source_label,JB17014,GSM4029906,B_ASC_CONTROL,PC-caSC0,0,0,0
131,source_label,JB17014,GSM4029906,B_ASC_CONTROL,PC-caSC1,2,7883,2133
132,compartment,JB17010,GSM4029907,B_CONV_ANALOG,,1761,4834285,14950
133,compartment,JB17010,GSM4029907,B_ASC_CONTROL,,15,99772,7357
134,source_label,JB17010,GSM4029907,B_CONV_ANALOG,B-caSC0,33,75118,6424
135,source_label,JB17010,GSM4029907,B_CONV_ANALOG,B-caSC1,1045,2637469,13758
136,source_label,JB17010,GSM4029907,B_CONV_ANALOG,B-caSC2,431,1487954,12820
137,source_label,JB17010,GSM4029907,B_CONV_ANALOG,B-caSC3,2,6238,1742
138,source_label,JB17010,GSM4029907,B_CONV_ANALOG,B-caSC4,146,342836,9954
139,source_label,JB17010,GSM4029907,B_CONV_ANALOG,B-caSC5,17,57780,5784
140,source_label,JB17010,GSM4029907,B_CONV_ANALOG,B-caSC6,15,39169,4722
141,source_label,JB17010,GSM4029907,B_CONV_ANALOG,B-caSC7,72,187721,8675
142,source_label,JB17010,GSM4029907,B_ASC_CONTROL,PC-caSC0,0,0,0
143,source_label,JB17010,GSM4029907,B_ASC_CONTROL,PC-caSC1,15,99772,7357
144,compartment,JB17019,GSM4029908,B_CONV_ANALOG,,106,505692,10703
145,compartment,JB17019,GSM4029908,B_ASC_CONTROL,,2,14318,3076
146,source_label,JB17019,GSM4029908,B_CONV_ANALOG,B-caSC0,50,204230,8495
147,source_label,JB17019,GSM4029908,B_CONV_ANALOG,B-caSC1,34,179950,8217
148,source_label,JB17019,GSM4029908,B_CONV_ANALOG,B-caSC2,7,48062,4863
149,source_label,JB17019,GSM4029908,B_CONV_ANALOG,B-caSC3,3,10745,2373
150,source_label,JB17019,GSM4029908,B_CONV_ANALOG,B-caSC4,3,15048,2683
151,source_label,JB17019,GSM4029908,B_CONV_ANALOG,B-caSC5,6,36096,4367
152,source_label,JB17019,GSM4029908,B_CONV_ANALOG,B-caSC6,1,4271,1169
153,source_label,JB17019,GSM4029908,B_CONV_ANALOG,B-caSC7,2,7290,1726
154,source_label,JB17019,GSM4029908,B_ASC_CONTROL,PC-caSC0,2,14318,3076
155,source_label,JB17019,GSM4029908,B_ASC_CONTROL,PC-caSC1,0,0,0
156,compartment,JB17020,GSM4029909,B_CONV_ANALOG,,558,2549546,14134
157,compartment,JB17020,GSM4029909,B_ASC_CONTROL,,62,665993,11624
158,source_label,JB17020,GSM4029909,B_CONV_ANALOG,B-caSC0,18,77185,6721
159,source_label,JB17020,GSM4029909,B_CONV_ANALOG,B-caSC1,314,1266059,12735
160,source_label,JB17020,GSM4029909,B_CONV_ANALOG,B-caSC2,176,1004075,12255
161,source_label,JB17020,GSM4029909,B_CONV_ANALOG,B-caSC3,0,0,0
162,source_label,JB17020,GSM4029909,B_CONV_ANALOG,B-caSC4,18,69432,6328
163,source_label,JB17020,GSM4029909,B_CONV_ANALOG,B-caSC5,15,67974,6239
164,source_label,JB17020,GSM4029909,B_CONV_ANALOG,B-caSC6,11,39911,5029
165,source_label,JB17020,GSM4029909,B_CONV_ANALOG,B-caSC7,6,24910,3891
166,source_label,JB17020,GSM4029909,B_ASC_CONTROL,PC-caSC0,1,2714,1066
167,source_label,JB17020,GSM4029909,B_ASC_CONTROL,PC-caSC1,61,663279,11607
168,compartment,JB17021,GSM4029910,B_CONV_ANALOG,,23,119150,7976
169,compartment,JB17021,GSM4029910,B_ASC_CONTROL,,2,17633,3713
170,source_label,JB17021,GSM4029910,B_CONV_ANALOG,B-caSC0,6,29339,4231
171,source_label,JB17021,GSM4029910,B_CONV_ANALOG,B-caSC1,0,0,0
172,source_label,JB17021,GSM4029910,B_CONV_ANALOG,B-caSC2,7,32938,4443
173,source_label,JB17021,GSM4029910,B_CONV_ANALOG,B-caSC3,2,7783,1933
174,source_label,JB17021,GSM4029910,B_CONV_ANALOG,B-caSC4,0,0,0
175,source_label,JB17021,GSM4029910,B_CONV_ANALOG,B-caSC5,8,49090,5868
176,source_label,JB17021,GSM4029910,B_CONV_ANALOG,B-caSC6,0,0,0
177,source_label,JB17021,GSM4029910,B_CONV_ANALOG,B-caSC7,0,0,0
178,source_label,JB17021,GSM4029910,B_ASC_CONTROL,PC-caSC0,1,10707,2588
179,source_label,JB17021,GSM4029910,B_ASC_CONTROL,PC-caSC1,1,6926,2224
180,compartment,JB17022,GSM4029911,B_CONV_ANALOG,,464,1771062,13071
181,compartment,JB17022,GSM4029911,B_ASC_CONTROL,,0,0,0
182,source_label,JB17022,GSM4029911,B_CONV_ANALOG,B-caSC0,179,628031,10986
183,source_label,JB17022,GSM4029911,B_CONV_ANALOG,B-caSC1,148,568130,10696
184,source_label,JB17022,GSM4029911,B_CONV_ANALOG,B-caSC2,37,203881,8818
185,source_label,JB17022,GSM4029911,B_CONV_ANALOG,B-caSC3,5,16865,3254
186,source_label,JB17022,GSM4029911,B_CONV_ANALOG,B-caSC4,27,86746,6568
187,source_label,JB17022,GSM4029911,B_CONV_ANALOG,B-caSC5,11,52000,5290
188,source_label,JB17022,GSM4029911,B_CONV_ANALOG,B-caSC6,25,83722,6506
189,source_label,JB17022,GSM4029911,B_CONV_ANALOG,B-caSC7,32,131687,7594
190,source_label,JB17022,GSM4029911,B_ASC_CONTROL,PC-caSC0,0,0,0
191,source_label,JB17022,GSM4029911,B_ASC_CONTROL,PC-caSC1,0,0,0
192,compartment,JB17023,GSM4029912,B_CONV_ANALOG,,573,2371134,14073
193,compartment,JB17023,GSM4029912,B_ASC_CONTROL,,1,4605,1632
194,source_label,JB17023,GSM4029912,B_CONV_ANALOG,B-caSC0,103,388110,10471
195,source_label,JB17023,GSM4029912,B_CONV_ANALOG,B-caSC1,148,599508,11309
196,source_label,JB17023,GSM4029912,B_CONV_ANALOG,B-caSC2,62,330225,10214
197,source_label,JB17023,GSM4029912,B_CONV_ANALOG,B-caSC3,73,259147,9790
198,source_label,JB17023,GSM4029912,B_CONV_ANALOG,B-caSC4,82,295818,9944
199,source_label,JB17023,GSM4029912,B_CONV_ANALOG,B-caSC5,59,303995,9977
200,source_label,JB17023,GSM4029912,B_CONV_ANALOG,B-caSC6,10,41314,5293
201,source_label,JB17023,GSM4029912,B_CONV_ANALOG,B-caSC7,36,153017,8293
202,source_label,JB17023,GSM4029912,B_ASC_CONTROL,PC-caSC0,0,0,0
203,source_label,JB17023,GSM4029912,B_ASC_CONTROL,PC-caSC1,1,4605,1632
204,compartment,JB17024,GSM4029913,B_CONV_ANALOG,,1007,4529794,15022
205,compartment,JB17024,GSM4029913,B_ASC_CONTROL,,2,16094,3281
206,source_label,JB17024,GSM4029913,B_CONV_ANALOG,B-caSC0,347,1468583,12829
207,source_label,JB17024,GSM4029913,B_CONV_ANALOG,B-caSC1,86,407203,10507
208,source_label,JB17024,GSM4029913,B_CONV_ANALOG,B-caSC2,80,412440,10558
209,source_label,JB17024,GSM4029913,B_CONV_ANALOG,B-caSC3,199,803056,11976
210,source_label,JB17024,GSM4029913,B_CONV_ANALOG,B-caSC4,85,354262,10215
211,source_label,JB17024,GSM4029913,B_CONV_ANALOG,B-caSC5,154,845800,12091
212,source_label,JB17024,GSM4029913,B_CONV_ANALOG,B-caSC6,30,120669,7951
213,source_label,JB17024,GSM4029913,B_CONV_ANALOG,B-caSC7,26,117781,7652
214,source_label,JB17024,GSM4029913,B_ASC_CONTROL,PC-caSC0,1,12229,2879
215,source_label,JB17024,GSM4029913,B_ASC_CONTROL,PC-caSC1,1,3865,1164
216,compartment,JB17017,GSM4029914,B_CONV_ANALOG,,1157,3882960,14738
217,compartment,JB17017,GSM4029914,B_ASC_CONTROL,,22,169337,8647
218,source_label,JB17017,GSM4029914,B_CONV_ANALOG,B-caSC0,94,278577,9492
219,source_label,JB17017,GSM4029914,B_CONV_ANALOG,B-caSC1,645,2033655,13364
220,source_label,JB17017,GSM4029914,B_CONV_ANALOG,B-caSC2,195,875832,11971
221,source_label,JB17017,GSM4029914,B_CONV_ANALOG,B-caSC3,1,2363,725
222,source_label,JB17017,GSM4029914,B_CONV_ANALOG,B-caSC4,121,350951,9967
223,source_label,JB17017,GSM4029914,B_CONV_ANALOG,B-caSC5,15,64048,6044
224,source_label,JB17017,GSM4029914,B_CONV_ANALOG,B-caSC6,23,70383,5946
225,source_label,JB17017,GSM4029914,B_CONV_ANALOG,B-caSC7,63,207151,8826
226,source_label,JB17017,GSM4029914,B_ASC_CONTROL,PC-caSC0,1,3888,1354
227,source_label,JB17017,GSM4029914,B_ASC_CONTROL,PC-caSC1,21,165449,8548
228,compartment,JB17018,GSM4029915,B_CONV_ANALOG,,735,2795727,14302
229,compartment,JB17018,GSM4029915,B_ASC_CONTROL,,4,22067,3947
230,source_label,JB17018,GSM4029915,B_CONV_ANALOG,B-caSC0,175,584253,11154
231,source_label,JB17018,GSM4029915,B_CONV_ANALOG,B-caSC1,257,921696,12087
232,source_label,JB17018,GSM4029915,B_CONV_ANALOG,B-caSC2,134,725192,11597
233,source_label,JB17018,GSM4029915,B_CONV_ANALOG,B-caSC3,2,7396,1872
234,source_label,JB17018,GSM4029915,B_CONV_ANALOG,B-caSC4,102,321118,10080
235,source_label,JB17018,GSM4029915,B_CONV_ANALOG,B-caSC5,14,62404,5977
236,source_label,JB17018,GSM4029915,B_CONV_ANALOG,B-caSC6,29,94583,7335
237,source_label,JB17018,GSM4029915,B_CONV_ANALOG,B-caSC7,22,79085,6792
238,source_label,JB17018,GSM4029915,B_ASC_CONTROL,PC-caSC0,0,0,0
239,source_label,JB17018,GSM4029915,B_ASC_CONTROL,PC-caSC1,4,22067,3947
240,compartment,JB18063,GSM4029916,B_CONV_ANALOG,,755,2296597,15023
241,compartment,JB18063,GSM4029916,B_ASC_CONTROL,,110,858455,12693
242,source_label,JB18063,GSM4029916,B_CONV_ANALOG,B-caSC0,8,16873,3764
243,source_label,JB18063,GSM4029916,B_CONV_ANALOG,B-caSC1,1,2065,935
244,source_label,JB18063,GSM4029916,B_CONV_ANALOG,B-caSC2,33,108928,8573
245,source_label,JB18063,GSM4029916,B_CONV_ANALOG,B-caSC3,434,1129702,13591
246,source_label,JB18063,GSM4029916,B_CONV_ANALOG,B-caSC4,1,2116,963
247,source_label,JB18063,GSM4029916,B_CONV_ANALOG,B-caSC5,265,1003219,13250
248,source_label,JB18063,GSM4029916,B_CONV_ANALOG,B-caSC6,11,24937,4743
249,source_label,JB18063,GSM4029916,B_CONV_ANALOG,B-caSC7,2,8757,2260
250,source_label,JB18063,GSM4029916,B_ASC_CONTROL,PC-caSC0,78,637192,12118
251,source_label,JB18063,GSM4029916,B_ASC_CONTROL,PC-caSC1,32,221263,9855
252,compartment,JB18064,GSM4029917,B_CONV_ANALOG,,301,876816,12750
253,compartment,JB18064,GSM4029917,B_ASC_CONTROL,,74,483333,11394
254,source_label,JB18064,GSM4029917,B_CONV_ANALOG,B-caSC0,15,33539,5058
255,source_label,JB18064,GSM4029917,B_CONV_ANALOG,B-caSC1,1,2175,843
256,source_label,JB18064,GSM4029917,B_CONV_ANALOG,B-caSC2,35,117999,8209
257,source_label,JB18064,GSM4029917,B_CONV_ANALOG,B-caSC3,143,348746,10747
258,source_label,JB18064,GSM4029917,B_CONV_ANALOG,B-caSC4,1,1478,563
259,source_label,JB18064,GSM4029917,B_CONV_ANALOG,B-caSC5,86,317864,10518
260,source_label,JB18064,GSM4029917,B_CONV_ANALOG,B-caSC6,11,30562,4684
261,source_label,JB18064,GSM4029917,B_CONV_ANALOG,B-caSC7,9,24453,4213
262,source_label,JB18064,GSM4029917,B_ASC_CONTROL,PC-caSC0,35,235129,9847
263,source_label,JB18064,GSM4029917,B_ASC_CONTROL,PC-caSC1,39,248204,9889
264,compartment,JB18065,GSM4029918,B_CONV_ANALOG,,216,681960,12105
265,compartment,JB18065,GSM4029918,B_ASC_CONTROL,,10,92745,7207
266,source_label,JB18065,GSM4029918,B_CONV_ANALOG,B-caSC0,38,99100,7424
267,source_label,JB18065,GSM4029918,B_CONV_ANALOG,B-caSC1,25,70312,6572
268,source_label,JB18065,GSM4029918,B_CONV_ANALOG,B-caSC2,114,415104,10963
269,source_label,JB18065,GSM4029918,B_CONV_ANALOG,B-caSC3,1,2827,884
270,source_label,JB18065,GSM4029918,B_CONV_ANALOG,B-caSC4,19,45893,5240
271,source_label,JB18065,GSM4029918,B_CONV_ANALOG,B-caSC5,4,14316,2888
272,source_label,JB18065,GSM4029918,B_CONV_ANALOG,B-caSC6,10,23133,3846
273,source_label,JB18065,GSM4029918,B_CONV_ANALOG,B-caSC7,5,11275,2362
274,source_label,JB18065,GSM4029918,B_ASC_CONTROL,PC-caSC0,0,0,0
275,source_label,JB18065,GSM4029918,B_ASC_CONTROL,PC-caSC1,10,92745,7207
276,compartment,JB18066,GSM4029919,B_CONV_ANALOG,,370,1213538,13789
277,compartment,JB18066,GSM4029919,B_ASC_CONTROL,,7,53794,5988
278,source_label,JB18066,GSM4029919,B_CONV_ANALOG,B-caSC0,50,150228,8827
279,source_label,JB18066,GSM4029919,B_CONV_ANALOG,B-caSC1,4,14770,2961
280,source_label,JB18066,GSM4029919,B_CONV_ANALOG,B-caSC2,28,92581,7661
281,source_label,JB18066,GSM4029919,B_CONV_ANALOG,B-caSC3,92,252510,10301
282,source_label,JB18066,GSM4029919,B_CONV_ANALOG,B-caSC4,6,17137,3448
283,source_label,JB18066,GSM4029919,B_CONV_ANALOG,B-caSC5,173,635719,12265
284,source_label,JB18066,GSM4029919,B_CONV_ANALOG,B-caSC6,13,38175,5128
285,source_label,JB18066,GSM4029919,B_CONV_ANALOG,B-caSC7,4,12418,2652
286,source_label,JB18066,GSM4029919,B_ASC_CONTROL,PC-caSC0,3,21567,3966
287,source_label,JB18066,GSM4029919,B_ASC_CONTROL,PC-caSC1,4,32227,4570
288,compartment,JB18067,GSM4029920,B_CONV_ANALOG,,309,845072,12417
289,compartment,JB18067,GSM4029920,B_ASC_CONTROL,,1,7455,2069
290,source_label,JB18067,GSM4029920,B_CONV_ANALOG,B-caSC0,7,16880,2958
291,source_label,JB18067,GSM4029920,B_CONV_ANALOG,B-caSC1,180,451970,10973
292,source_label,JB18067,GSM4029920,B_CONV_ANALOG,B-caSC2,77,264873,9766
293,source_label,JB18067,GSM4029920,B_CONV_ANALOG,B-caSC3,1,1332,519
294,source_label,JB18067,GSM4029920,B_CONV_ANALOG,B-caSC4,24,56166,5579
295,source_label,JB18067,GSM4029920,B_CONV_ANALOG,B-caSC5,1,4551,1273
296,source_label,JB18067,GSM4029920,B_CONV_ANALOG,B-caSC6,17,44546,5039
297,source_label,JB18067,GSM4029920,B_CONV_ANALOG,B-caSC7,2,4754,1226
298,source_label,JB18067,GSM4029920,B_ASC_CONTROL,PC-caSC0,0,0,0
299,source_label,JB18067,GSM4029920,B_ASC_CONTROL,PC-caSC1,1,7455,2069
300,compartment,JB18068,GSM4029921,B_CONV_ANALOG,,400,1155332,13523
301,compartment,JB18068,GSM4029921,B_ASC_CONTROL,,52,390479,10973
302,source_label,JB18068,GSM4029921,B_CONV_ANALOG,B-caSC0,18,42350,5372
303,source_label,JB18068,GSM4029921,B_CONV_ANALOG,B-caSC1,7,15867,3226
304,source_label,JB18068,GSM4029921,B_CONV_ANALOG,B-caSC2,68,215841,9758
305,source_label,JB18068,GSM4029921,B_CONV_ANALOG,B-caSC3,101,235935,10076
306,source_label,JB18068,GSM4029921,B_CONV_ANALOG,B-caSC4,5,10037,2328
307,source_label,JB18068,GSM4029921,B_CONV_ANALOG,B-caSC5,170,559324,11877
308,source_label,JB18068,GSM4029921,B_CONV_ANALOG,B-caSC6,13,33046,4951
309,source_label,JB18068,GSM4029921,B_CONV_ANALOG,B-caSC7,18,42932,5596
310,source_label,JB18068,GSM4029921,B_ASC_CONTROL,PC-caSC0,25,169868,9075
311,source_label,JB18068,GSM4029921,B_ASC_CONTROL,PC-caSC1,27,220611,9609
312,compartment,JB18069,GSM4029922,B_CONV_ANALOG,,446,1450147,13700
313,compartment,JB18069,GSM4029922,B_ASC_CONTROL,,4,30519,4790
314,source_label,JB18069,GSM4029922,B_CONV_ANALOG,B-caSC0,38,101912,7841
315,source_label,JB18069,GSM4029922,B_CONV_ANALOG,B-caSC1,97,284610,10230
316,source_label,JB18069,GSM4029922,B_CONV_ANALOG,B-caSC2,161,658034,11997
317,source_label,JB18069,GSM4029922,B_CONV_ANALOG,B-caSC3,2,4755,1395
318,source_label,JB18069,GSM4029922,B_CONV_ANALOG,B-caSC4,69,180638,9179
319,source_label,JB18069,GSM4029922,B_CONV_ANALOG,B-caSC5,11,38854,5064
320,source_label,JB18069,GSM4029922,B_CONV_ANALOG,B-caSC6,22,56371,6329
321,source_label,JB18069,GSM4029922,B_CONV_ANALOG,B-caSC7,46,124973,8256
322,source_label,JB18069,GSM4029922,B_ASC_CONTROL,PC-caSC0,0,0,0
323,source_label,JB18069,GSM4029922,B_ASC_CONTROL,PC-caSC1,4,30519,4790
324,compartment,JB18070,GSM4029923,B_CONV_ANALOG,,469,1285760,13308
325,compartment,JB18070,GSM4029923,B_ASC_CONTROL,,5,50991,5766
326,source_label,JB18070,GSM4029923,B_CONV_ANALOG,B-caSC0,112,260861,9971
327,source_label,JB18070,GSM4029923,B_CONV_ANALOG,B-caSC1,34,90010,7185
328,source_label,JB18070,GSM4029923,B_CONV_ANALOG,B-caSC2,127,449430,11064
329,source_label,JB18070,GSM4029923,B_CONV_ANALOG,B-caSC3,9,18300,3584
330,source_label,JB18070,GSM4029923,B_CONV_ANALOG,B-caSC4,69,158298,8675
331,source_label,JB18070,GSM4029923,B_CONV_ANALOG,B-caSC5,21,68978,6485
332,source_label,JB18070,GSM4029923,B_CONV_ANALOG,B-caSC6,53,122883,8220
333,source_label,JB18070,GSM4029923,B_CONV_ANALOG,B-caSC7,44,117000,7886
334,source_label,JB18070,GSM4029923,B_ASC_CONTROL,PC-caSC0,0,0,0
335,source_label,JB18070,GSM4029923,B_ASC_CONTROL,PC-caSC1,5,50991,5766
336,compartment,JB18071,GSM4029924,B_CONV_ANALOG,,1039,3689654,15224
337,compartment,JB18071,GSM4029924,B_ASC_CONTROL,,29,240100,9573
338,source_label,JB18071,GSM4029924,B_CONV_ANALOG,B-caSC0,59,186423,9147
339,source_label,JB18071,GSM4029924,B_CONV_ANALOG,B-caSC1,92,343107,10487
340,source_label,JB18071,GSM4029924,B_CONV_ANALOG,B-caSC2,49,202194,9603
341,source_label,JB18071,GSM4029924,B_CONV_ANALOG,B-caSC3,355,1169546,12897
342,source_label,JB18071,GSM4029924,B_CONV_ANALOG,B-caSC4,128,405294,10853
343,source_label,JB18071,GSM4029924,B_CONV_ANALOG,B-caSC5,41,188902,9421
344,source_label,JB18071,GSM4029924,B_CONV_ANALOG,B-caSC6,47,147147,8689
345,source_label,JB18071,GSM4029924,B_CONV_ANALOG,B-caSC7,268,1047041,12571
346,source_label,JB18071,GSM4029924,B_ASC_CONTROL,PC-caSC0,12,79918,7185
347,source_label,JB18071,GSM4029924,B_ASC_CONTROL,PC-caSC1,17,160182,8394
348,compartment,JB18072,GSM4029925,B_CONV_ANALOG,,606,1870252,13860
349,compartment,JB18072,GSM4029925,B_ASC_CONTROL,,15,125481,7844
350,source_label,JB18072,GSM4029925,B_CONV_ANALOG,B-caSC0,85,212547,9180
351,source_label,JB18072,GSM4029925,B_CONV_ANALOG,B-caSC1,90,244297,9398
352,source_label,JB18072,GSM4029925,B_CONV_ANALOG,B-caSC2,262,928521,12366
353,source_label,JB18072,GSM4029925,B_CONV_ANALOG,B-caSC3,13,32195,4230
354,source_label,JB18072,GSM4029925,B_CONV_ANALOG,B-caSC4,78,196833,8993
355,source_label,JB18072,GSM4029925,B_CONV_ANALOG,B-caSC5,43,163807,8472
356,source_label,JB18072,GSM4029925,B_CONV_ANALOG,B-caSC6,19,48077,5321
357,source_label,JB18072,GSM4029925,B_CONV_ANALOG,B-caSC7,16,43975,4973
358,source_label,JB18072,GSM4029925,B_ASC_CONTROL,PC-caSC0,5,34372,4783
359,source_label,JB18072,GSM4029925,B_ASC_CONTROL,PC-caSC1,10,91109,6944
360,compartment,JB18073,GSM4029926,B_CONV_ANALOG,,829,2684845,14697
361,compartment,JB18073,GSM4029926,B_ASC_CONTROL,,13,112549,7679
362,source_label,JB18073,GSM4029926,B_CONV_ANALOG,B-caSC0,208,573355,11612
363,source_label,JB18073,GSM4029926,B_CONV_ANALOG,B-caSC1,20,61697,6330
364,source_label,JB18073,GSM4029926,B_CONV_ANALOG,B-caSC2,100,422918,11005
365,source_label,JB18073,GSM4029926,B_CONV_ANALOG,B-caSC3,227,621569,11727
366,source_label,JB18073,GSM4029926,B_CONV_ANALOG,B-caSC4,31,82090,6854
367,source_label,JB18073,GSM4029926,B_CONV_ANALOG,B-caSC5,176,721436,12050
368,source_label,JB18073,GSM4029926,B_CONV_ANALOG,B-caSC6,39,111236,7711
369,source_label,JB18073,GSM4029926,B_CONV_ANALOG,B-caSC7,28,90544,7184
370,source_label,JB18073,GSM4029926,B_ASC_CONTROL,PC-caSC0,8,72328,6378
371,source_label,JB18073,GSM4029926,B_ASC_CONTROL,PC-caSC1,5,40221,5255
372,compartment,JB18074,GSM4029927,B_CONV_ANALOG,,687,2294314,14589
373,compartment,JB18074,GSM4029927,B_ASC_CONTROL,,86,717777,11835
374,source_label,JB18074,GSM4029927,B_CONV_ANALOG,B-caSC0,10,36882,4763
375,source_label,JB18074,GSM4029927,B_CONV_ANALOG,B-caSC1,5,19429,3717
376,source_label,JB18074,GSM4029927,B_CONV_ANALOG,B-caSC2,17,57006,6238
377,source_label,JB18074,GSM4029927,B_CONV_ANALOG,B-caSC3,455,1394622,13480
378,source_label,JB18074,GSM4029927,B_CONV_ANALOG,B-caSC4,2,7537,2166
379,source_label,JB18074,GSM4029927,B_CONV_ANALOG,B-caSC5,190,755500,12357
380,source_label,JB18074,GSM4029927,B_CONV_ANALOG,B-caSC6,6,16827,3362
381,source_label,JB18074,GSM4029927,B_CONV_ANALOG,B-caSC7,2,6511,1932
382,source_label,JB18074,GSM4029927,B_ASC_CONTROL,PC-caSC0,71,623014,11512
383,source_label,JB18074,GSM4029927,B_ASC_CONTROL,PC-caSC1,15,94763,7368
384,compartment,JB18075,GSM4029928,B_CONV_ANALOG,,155,479279,11258
385,compartment,JB18075,GSM4029928,B_ASC_CONTROL,,1,4733,1500
386,source_label,JB18075,GSM4029928,B_CONV_ANALOG,B-caSC0,61,169282,8537
387,source_label,JB18075,GSM4029928,B_CONV_ANALOG,B-caSC1,26,78602,6438
388,source_label,JB18075,GSM4029928,B_CONV_ANALOG,B-caSC2,15,53958,5583
389,source_label,JB18075,GSM4029928,B_CONV_ANALOG,B-caSC3,21,57045,5884
390,source_label,JB18075,GSM4029928,B_CONV_ANALOG,B-caSC4,6,16920,3013
391,source_label,JB18075,GSM4029928,B_CONV_ANALOG,B-caSC5,18,78447,6780
392,source_label,JB18075,GSM4029928,B_CONV_ANALOG,B-caSC6,7,21064,3549
393,source_label,JB18075,GSM4029928,B_CONV_ANALOG,B-caSC7,1,3961,1144
394,source_label,JB18075,GSM4029928,B_ASC_CONTROL,PC-caSC0,1,4733,1500
395,source_label,JB18075,GSM4029928,B_ASC_CONTROL,PC-caSC1,0,0,0
396,compartment,JB18076,GSM4029929,B_CONV_ANALOG,,142,439340,11010
397,compartment,JB18076,GSM4029929,B_ASC_CONTROL,,9,69769,6461
398,source_label,JB18076,GSM4029929,B_CONV_ANALOG,B-caSC0,18,48701,5493
399,source_label,JB18076,GSM4029929,B_CONV_ANALOG,B-caSC1,38,102460,7287
400,source_label,JB18076,GSM4029929,B_CONV_ANALOG,B-caSC2,33,135092,8033
401,source_label,JB18076,GSM4029929,B_CONV_ANALOG,B-caSC3,3,8222,2045
402,source_label,JB18076,GSM4029929,B_CONV_ANALOG,B-caSC4,19,46628,5189
403,source_label,JB18076,GSM4029929,B_CONV_ANALOG,B-caSC5,12,43590,5117
404,source_label,JB18076,GSM4029929,B_CONV_ANALOG,B-caSC6,5,10930,2356
405,source_label,JB18076,GSM4029929,B_CONV_ANALOG,B-caSC7,14,43717,4967
406,source_label,JB18076,GSM4029929,B_ASC_CONTROL,PC-caSC0,1,5243,1482
407,source_label,JB18076,GSM4029929,B_ASC_CONTROL,PC-caSC1,8,64526,6231
408,compartment,JB18077,GSM4029930,B_CONV_ANALOG,,935,2870171,14669
409,compartment,JB18077,GSM4029930,B_ASC_CONTROL,,12,106635,7541
410,source_label,JB18077,GSM4029930,B_CONV_ANALOG,B-caSC0,106,280916,10088
411,source_label,JB18077,GSM4029930,B_CONV_ANALOG,B-caSC1,119,371175,10488
412,source_label,JB18077,GSM4029930,B_CONV_ANALOG,B-caSC2,180,791060,12127
413,source_label,JB18077,GSM4029930,B_CONV_ANALOG,B-caSC3,4,13072,2688
414,source_label,JB18077,GSM4029930,B_CONV_ANALOG,B-caSC4,296,745898,11958
415,source_label,JB18077,GSM4029930,B_CONV_ANALOG,B-caSC5,25,97641,7253
416,source_label,JB18077,GSM4029930,B_CONV_ANALOG,B-caSC6,69,179368,9013
417,source_label,JB18077,GSM4029930,B_CONV_ANALOG,B-caSC7,136,391041,10647
418,source_label,JB18077,GSM4029930,B_ASC_CONTROL,PC-caSC0,0,0,0
419,source_label,JB18077,GSM4029930,B_ASC_CONTROL,PC-caSC1,12,106635,7541
420,compartment,JB18078,GSM4029931,B_CONV_ANALOG,,790,2473841,14366
421,compartment,JB18078,GSM4029931,B_ASC_CONTROL,,9,89789,7257
422,source_label,JB18078,GSM4029931,B_CONV_ANALOG,B-caSC0,171,479114,11034
423,source_label,JB18078,GSM4029931,B_CONV_ANALOG,B-caSC1,79,247623,9542
424,source_label,JB18078,GSM4029931,B_CONV_ANALOG,B-caSC2,198,817119,12153
425,source_label,JB18078,GSM4029931,B_CONV_ANALOG,B-caSC3,7,16357,3245
426,source_label,JB18078,GSM4029931,B_CONV_ANALOG,B-caSC4,173,439526,10853
427,source_label,JB18078,GSM4029931,B_CONV_ANALOG,B-caSC5,36,130458,7998
428,source_label,JB18078,GSM4029931,B_CONV_ANALOG,B-caSC6,52,139221,8328
429,source_label,JB18078,GSM4029931,B_CONV_ANALOG,B-caSC7,74,204423,9133
430,source_label,JB18078,GSM4029931,B_ASC_CONTROL,PC-caSC0,1,7583,1899
431,source_label,JB18078,GSM4029931,B_ASC_CONTROL,PC-caSC1,8,82206,7062
432,compartment,JB18079,GSM4029932,B_CONV_ANALOG,,592,1571051,13069
433,compartment,JB18079,GSM4029932,B_ASC_CONTROL,,12,95197,7198
434,source_label,JB18079,GSM4029932,B_CONV_ANALOG,B-caSC0,175,409415,10343
435,source_label,JB18079,GSM4029932,B_CONV_ANALOG,B-caSC1,62,145590,8006
436,source_label,JB18079,GSM4029932,B_CONV_ANALOG,B-caSC2,118,449034,10481
437,source_label,JB18079,GSM4029932,B_CONV_ANALOG,B-caSC3,7,18689,3321
438,source_label,JB18079,GSM4029932,B_CONV_ANALOG,B-caSC4,96,206396,8839
439,source_label,JB18079,GSM4029932,B_CONV_ANALOG,B-caSC5,23,86773,6577
440,source_label,JB18079,GSM4029932,B_CONV_ANALOG,B-caSC6,51,116340,7517
441,source_label,JB18079,GSM4029932,B_CONV_ANALOG,B-caSC7,60,138814,7820
442,source_label,JB18079,GSM4029932,B_ASC_CONTROL,PC-caSC0,1,4660,1345
443,source_label,JB18079,GSM4029932,B_ASC_CONTROL,PC-caSC1,11,90537,7055
444,compartment,JB18080,GSM4029933,B_CONV_ANALOG,,237,748755,12202
445,compartment,JB18080,GSM4029933,B_ASC_CONTROL,,0,0,0
446,source_label,JB18080,GSM4029933,B_CONV_ANALOG,B-caSC0,55,168510,8856
447,source_label,JB18080,GSM4029933,B_CONV_ANALOG,B-caSC1,29,86749,7312
448,source_label,JB18080,GSM4029933,B_CONV_ANALOG,B-caSC2,30,97545,7741
449,source_label,JB18080,GSM4029933,B_CONV_ANALOG,B-caSC3,45,132968,8464
450,source_label,JB18080,GSM4029933,B_CONV_ANALOG,B-caSC4,14,40201,5321
451,source_label,JB18080,GSM4029933,B_CONV_ANALOG,B-caSC5,39,145084,8675
452,source_label,JB18080,GSM4029933,B_CONV_ANALOG,B-caSC6,20,61117,6452
453,source_label,JB18080,GSM4029933,B_CONV_ANALOG,B-caSC7,5,16581,3381
454,source_label,JB18080,GSM4029933,B_ASC_CONTROL,PC-caSC0,0,0,0
455,source_label,JB18080,GSM4029933,B_ASC_CONTROL,PC-caSC1,0,0,0
456,compartment,JB18081,GSM4029934,B_CONV_ANALOG,,821,1683825,13640
457,compartment,JB18081,GSM4029934,B_ASC_CONTROL,,3,12629,2868
458,source_label,JB18081,GSM4029934,B_CONV_ANALOG,B-caSC0,419,840901,12210
459,source_label,JB18081,GSM4029934,B_CONV_ANALOG,B-caSC1,28,57775,6182
460,source_label,JB18081,GSM4029934,B_CONV_ANALOG,B-caSC2,32,103119,7517
461,source_label,JB18081,GSM4029934,B_CONV_ANALOG,B-caSC3,124,244363,9707
462,source_label,JB18081,GSM4029934,B_CONV_ANALOG,B-caSC4,104,202496,9161
463,source_label,JB18081,GSM4029934,B_CONV_ANALOG,B-caSC5,8,23218,3717
464,source_label,JB18081,GSM4029934,B_CONV_ANALOG,B-caSC6,89,177536,9033
465,source_label,JB18081,GSM4029934,B_CONV_ANALOG,B-caSC7,17,34417,4559
466,source_label,JB18081,GSM4029934,B_ASC_CONTROL,PC-caSC0,1,7563,2092
467,source_label,JB18081,GSM4029934,B_ASC_CONTROL,PC-caSC1,2,5066,1534
468,compartment,JB18082,GSM4029935,B_CONV_ANALOG,,991,3061099,14370
469,compartment,JB18082,GSM4029935,B_ASC_CONTROL,,10,88051,6690
470,source_label,JB18082,GSM4029935,B_CONV_ANALOG,B-caSC0,52,121404,7831
471,source_label,JB18082,GSM4029935,B_CONV_ANALOG,B-caSC1,341,928010,12012
472,source_label,JB18082,GSM4029935,B_CONV_ANALOG,B-caSC2,310,1234691,12489
473,source_label,JB18082,GSM4029935,B_CONV_ANALOG,B-caSC3,11,22704,3852
474,source_label,JB18082,GSM4029935,B_CONV_ANALOG,B-caSC4,168,424412,10549
475,source_label,JB18082,GSM4029935,B_CONV_ANALOG,B-caSC5,31,126015,7806
476,source_label,JB18082,GSM4029935,B_CONV_ANALOG,B-caSC6,42,105918,7308
477,source_label,JB18082,GSM4029935,B_CONV_ANALOG,B-caSC7,36,97945,7180
478,source_label,JB18082,GSM4029935,B_ASC_CONTROL,PC-caSC0,1,6137,1731
479,source_label,JB18082,GSM4029935,B_ASC_CONTROL,PC-caSC1,9,81914,6465
480,compartment,JB18085,GSM4029936,B_CONV_ANALOG,,1014,3359770,14457
481,compartment,JB18085,GSM4029936,B_ASC_CONTROL,,10,95356,7086
482,source_label,JB18085,GSM4029936,B_CONV_ANALOG,B-caSC0,122,358750,10247
483,source_label,JB18085,GSM4029936,B_CONV_ANALOG,B-caSC1,312,992215,12096
484,source_label,JB18085,GSM4029936,B_CONV_ANALOG,B-caSC2,166,782774,11725
485,source_label,JB18085,GSM4029936,B_CONV_ANALOG,B-caSC3,5,12682,2800
486,source_label,JB18085,GSM4029936,B_CONV_ANALOG,B-caSC4,242,693170,11418
487,source_label,JB18085,GSM4029936,B_CONV_ANALOG,B-caSC5,16,70638,6586
488,source_label,JB18085,GSM4029936,B_CONV_ANALOG,B-caSC6,78,224044,9239
489,source_label,JB18085,GSM4029936,B_CONV_ANALOG,B-caSC7,73,225497,9182
490,source_label,JB18085,GSM4029936,B_ASC_CONTROL,PC-caSC0,0,0,0
491,source_label,JB18085,GSM4029936,B_ASC_CONTROL,PC-caSC1,10,95356,7086
492,compartment,JB18086,GSM4029937,B_CONV_ANALOG,,727,1961383,13386
493,compartment,JB18086,GSM4029937,B_ASC_CONTROL,,13,90878,6974
494,source_label,JB18086,GSM4029937,B_CONV_ANALOG,B-caSC0,203,502144,10886
495,source_label,JB18086,GSM4029937,B_CONV_ANALOG,B-caSC1,81,210447,8961
496,source_label,JB18086,GSM4029937,B_CONV_ANALOG,B-caSC2,116,388697,10219
497,source_label,JB18086,GSM4029937,B_CONV_ANALOG,B-caSC3,6,14591,2937
498,source_label,JB18086,GSM4029937,B_CONV_ANALOG,B-caSC4,194,500053,10719
499,source_label,JB18086,GSM4029937,B_CONV_ANALOG,B-caSC5,20,69205,6324
500,source_label,JB18086,GSM4029937,B_CONV_ANALOG,B-caSC6,65,160995,8405
501,source_label,JB18086,GSM4029937,B_CONV_ANALOG,B-caSC7,42,115251,7396
502,source_label,JB18086,GSM4029937,B_ASC_CONTROL,PC-caSC0,2,3069,1058
503,source_label,JB18086,GSM4029937,B_ASC_CONTROL,PC-caSC1,11,87809,6901
504,compartment,JB18083,GSM4029938,B_CONV_ANALOG,,722,2129308,13820
505,compartment,JB18083,GSM4029938,B_ASC_CONTROL,,14,111055,7556
506,source_label,JB18083,GSM4029938,B_CONV_ANALOG,B-caSC0,206,523137,11153
507,source_label,JB18083,GSM4029938,B_CONV_ANALOG,B-caSC1,138,377170,10403
508,source_label,JB18083,GSM4029938,B_CONV_ANALOG,B-caSC2,121,540449,11216
509,source_label,JB18083,GSM4029938,B_CONV_ANALOG,B-caSC3,4,11221,2502
510,source_label,JB18083,GSM4029938,B_CONV_ANALOG,B-caSC4,98,240725,9492
511,source_label,JB18083,GSM4029938,B_CONV_ANALOG,B-caSC5,14,58278,5935
512,source_label,JB18083,GSM4029938,B_CONV_ANALOG,B-caSC6,70,182371,8973
513,source_label,JB18083,GSM4029938,B_CONV_ANALOG,B-caSC7,71,195957,9000
514,source_label,JB18083,GSM4029938,B_ASC_CONTROL,PC-caSC0,0,0,0
515,source_label,JB18083,GSM4029938,B_ASC_CONTROL,PC-caSC1,14,111055,7556
516,compartment,JB18084,GSM4029939,B_CONV_ANALOG,,849,2270329,13817
517,compartment,JB18084,GSM4029939,B_ASC_CONTROL,,11,84362,6867
518,source_label,JB18084,GSM4029939,B_CONV_ANALOG,B-caSC0,289,703755,11598
519,source_label,JB18084,GSM4029939,B_CONV_ANALOG,B-caSC1,100,260579,9601
520,source_label,JB18084,GSM4029939,B_CONV_ANALOG,B-caSC2,98,386329,10423
521,source_label,JB18084,GSM4029939,B_CONV_ANALOG,B-caSC3,17,43280,5531
522,source_label,JB18084,GSM4029939,B_CONV_ANALOG,B-caSC4,149,348733,10125
523,source_label,JB18084,GSM4029939,B_CONV_ANALOG,B-caSC5,41,131301,7906
524,source_label,JB18084,GSM4029939,B_CONV_ANALOG,B-caSC6,80,189449,8938
525,source_label,JB18084,GSM4029939,B_CONV_ANALOG,B-caSC7,75,206903,8997
526,source_label,JB18084,GSM4029939,B_ASC_CONTROL,PC-caSC0,0,0,0
527,source_label,JB18084,GSM4029939,B_ASC_CONTROL,PC-caSC1,11,84362,6867
528,compartment,JB19001,GSM4029940,B_CONV_ANALOG,,338,1065298,12593
529,compartment,JB19001,GSM4029940,B_ASC_CONTROL,,12,85005,7013
530,source_label,JB19001,GSM4029940,B_CONV_ANALOG,B-caSC0,161,407347,10511
531,source_label,JB19001,GSM4029940,B_CONV_ANALOG,B-caSC1,11,26337,3804
532,source_label,JB19001,GSM4029940,B_CONV_ANALOG,B-caSC2,81,370487,10329
533,source_label,JB19001,GSM4029940,B_CONV_ANALOG,B-caSC3,6,17126,3206
534,source_label,JB19001,GSM4029940,B_CONV_ANALOG,B-caSC4,18,45054,5113
535,source_label,JB19001,GSM4029940,B_CONV_ANALOG,B-caSC5,22,93093,6913
536,source_label,JB19001,GSM4029940,B_CONV_ANALOG,B-caSC6,31,75728,6566
537,source_label,JB19001,GSM4029940,B_CONV_ANALOG,B-caSC7,8,30126,4506
538,source_label,JB19001,GSM4029940,B_ASC_CONTROL,PC-caSC0,1,3703,1348
539,source_label,JB19001,GSM4029940,B_ASC_CONTROL,PC-caSC1,11,81302,6885
540,compartment,JB19003,GSM4029942,B_CONV_ANALOG,,404,1369764,13009
541,compartment,JB19003,GSM4029942,B_ASC_CONTROL,,0,0,0
542,source_label,JB19003,GSM4029942,B_CONV_ANALOG,B-caSC0,70,185110,8656
543,source_label,JB19003,GSM4029942,B_CONV_ANALOG,B-caSC1,62,173768,8433
544,source_label,JB19003,GSM4029942,B_CONV_ANALOG,B-caSC2,155,661188,11382
545,source_label,JB19003,GSM4029942,B_CONV_ANALOG,B-caSC3,2,4733,1565
546,source_label,JB19003,GSM4029942,B_CONV_ANALOG,B-caSC4,56,149811,8073
547,source_label,JB19003,GSM4029942,B_CONV_ANALOG,B-caSC5,24,105700,6972
548,source_label,JB19003,GSM4029942,B_CONV_ANALOG,B-caSC6,27,67878,6198
549,source_label,JB19003,GSM4029942,B_CONV_ANALOG,B-caSC7,8,21576,3469
550,source_label,JB19003,GSM4029942,B_ASC_CONTROL,PC-caSC0,0,0,0
551,source_label,JB19003,GSM4029942,B_ASC_CONTROL,PC-caSC1,0,0,0
552,compartment,JB19004,GSM4029943,B_CONV_ANALOG,,64,286719,10301
553,compartment,JB19004,GSM4029943,B_ASC_CONTROL,,7,54969,6150
554,source_label,JB19004,GSM4029943,B_CONV_ANALOG,B-caSC0,16,63445,6281
555,source_label,JB19004,GSM4029943,B_CONV_ANALOG,B-caSC1,4,20721,3627
556,source_label,JB19004,GSM4029943,B_CONV_ANALOG,B-caSC2,6,32387,5316
557,source_label,JB19004,GSM4029943,B_CONV_ANALOG,B-caSC3,15,59617,6109
558,source_label,JB19004,GSM4029943,B_CONV_ANALOG,B-caSC4,4,14889,2853
559,source_label,JB19004,GSM4029943,B_CONV_ANALOG,B-caSC5,16,85364,7208
560,source_label,JB19004,GSM4029943,B_CONV_ANALOG,B-caSC6,2,6761,1793
561,source_label,JB19004,GSM4029943,B_CONV_ANALOG,B-caSC7,1,3535,1190
562,source_label,JB19004,GSM4029943,B_ASC_CONTROL,PC-caSC0,5,37018,5212
563,source_label,JB19004,GSM4029943,B_ASC_CONTROL,PC-caSC1,2,17951,3559
564,compartment,JB19006,GSM4029944,B_CONV_ANALOG,,53,212169,9483
565,compartment,JB19006,GSM4029944,B_ASC_CONTROL,,15,152240,8503
566,source_label,JB19006,GSM4029944,B_CONV_ANALOG,B-caSC0,4,14522,3142
567,source_label,JB19006,GSM4029944,B_CONV_ANALOG,B-caSC1,0,0,0
568,source_label,JB19006,GSM4029944,B_CONV_ANALOG,B-caSC2,23,88489,7198
569,source_label,JB19006,GSM4029944,B_CONV_ANALOG,B-caSC3,8,25495,4276
570,source_label,JB19006,GSM4029944,B_CONV_ANALOG,B-caSC4,0,0,0
571,source_label,JB19006,GSM4029944,B_CONV_ANALOG,B-caSC5,17,80411,7148
572,source_label,JB19006,GSM4029944,B_CONV_ANALOG,B-caSC6,1,3252,1136
573,source_label,JB19006,GSM4029944,B_CONV_ANALOG,B-caSC7,0,0,0
574,source_label,JB19006,GSM4029944,B_ASC_CONTROL,PC-caSC0,12,113018,7944
575,source_label,JB19006,GSM4029944,B_ASC_CONTROL,PC-caSC1,3,39222,4537
576,compartment,JB19007,GSM4029945,B_CONV_ANALOG,,270,1054849,12464
577,compartment,JB19007,GSM4029945,B_ASC_CONTROL,,24,203128,9038
578,source_label,JB19007,GSM4029945,B_CONV_ANALOG,B-caSC0,19,57347,5791
579,source_label,JB19007,GSM4029945,B_CONV_ANALOG,B-caSC1,29,93576,6912
580,source_label,JB19007,GSM4029945,B_CONV_ANALOG,B-caSC2,161,691497,11566
581,source_label,JB19007,GSM4029945,B_CONV_ANALOG,B-caSC3,1,2357,793
582,source_label,JB19007,GSM4029945,B_CONV_ANALOG,B-caSC4,20,53426,5528
583,source_label,JB19007,GSM4029945,B_CONV_ANALOG,B-caSC5,25,107851,7432
584,source_label,JB19007,GSM4029945,B_CONV_ANALOG,B-caSC6,11,34369,4498
585,source_label,JB19007,GSM4029945,B_CONV_ANALOG,B-caSC7,4,14426,2774
586,source_label,JB19007,GSM4029945,B_ASC_CONTROL,PC-caSC0,4,25129,4345
587,source_label,JB19007,GSM4029945,B_ASC_CONTROL,PC-caSC1,20,177999,8601
588,compartment,JB19008,GSM4029946,B_CONV_ANALOG,,89,327436,10318
589,compartment,JB19008,GSM4029946,B_ASC_CONTROL,,20,227550,9155
590,source_label,JB19008,GSM4029946,B_CONV_ANALOG,B-caSC0,17,57968,5856
591,source_label,JB19008,GSM4029946,B_CONV_ANALOG,B-caSC1,16,70296,6144
592,source_label,JB19008,GSM4029946,B_CONV_ANALOG,B-caSC2,11,42085,5388
593,source_label,JB19008,GSM4029946,B_CONV_ANALOG,B-caSC3,1,2987,939
594,source_label,JB19008,GSM4029946,B_CONV_ANALOG,B-caSC4,16,51759,5539
595,source_label,JB19008,GSM4029946,B_CONV_ANALOG,B-caSC5,4,14115,2964
596,source_label,JB19008,GSM4029946,B_CONV_ANALOG,B-caSC6,11,33999,4744
597,source_label,JB19008,GSM4029946,B_CONV_ANALOG,B-caSC7,13,54227,5687
598,source_label,JB19008,GSM4029946,B_ASC_CONTROL,PC-caSC0,3,20740,3934
599,source_label,JB19008,GSM4029946,B_ASC_CONTROL,PC-caSC1,17,206810,8776
600,compartment,JB19009,GSM4029947,B_CONV_ANALOG,,580,1798011,13539
601,compartment,JB19009,GSM4029947,B_ASC_CONTROL,,11,93282,7117
602,source_label,JB19009,GSM4029947,B_CONV_ANALOG,B-caSC0,82,203149,9010
603,source_label,JB19009,GSM4029947,B_CONV_ANALOG,B-caSC1,122,303192,9911
604,source_label,JB19009,GSM4029947,B_CONV_ANALOG,B-caSC2,193,799986,11846
605,source_label,JB19009,GSM4029947,B_CONV_ANALOG,B-caSC3,0,0,0
606,source_label,JB19009,GSM4029947,B_CONV_ANALOG,B-caSC4,97,235947,9411
607,source_label,JB19009,GSM4029947,B_CONV_ANALOG,B-caSC5,26,100315,7301
608,source_label,JB19009,GSM4029947,B_CONV_ANALOG,B-caSC6,45,110881,7709
609,source_label,JB19009,GSM4029947,B_CONV_ANALOG,B-caSC7,15,44541,5188
610,source_label,JB19009,GSM4029947,B_ASC_CONTROL,PC-caSC0,1,3279,1033
611,source_label,JB19009,GSM4029947,B_ASC_CONTROL,PC-caSC1,10,90003,7024
612,compartment,JB19010,GSM4029948,B_CONV_ANALOG,,490,1423831,12883
613,compartment,JB19010,GSM4029948,B_ASC_CONTROL,,6,47409,5070
614,source_label,JB19010,GSM4029948,B_CONV_ANALOG,B-caSC0,56,136311,8019
615,source_label,JB19010,GSM4029948,B_CONV_ANALOG,B-caSC1,90,234478,9162
616,source_label,JB19010,GSM4029948,B_CONV_ANALOG,B-caSC2,189,650372,11358
617,source_label,JB19010,GSM4029948,B_CONV_ANALOG,B-caSC3,1,2710,855
618,source_label,JB19010,GSM4029948,B_CONV_ANALOG,B-caSC4,60,135550,7943
619,source_label,JB19010,GSM4029948,B_CONV_ANALOG,B-caSC5,29,95142,6970
620,source_label,JB19010,GSM4029948,B_CONV_ANALOG,B-caSC6,43,111391,7527
621,source_label,JB19010,GSM4029948,B_CONV_ANALOG,B-caSC7,22,57877,5682
622,source_label,JB19010,GSM4029948,B_ASC_CONTROL,PC-caSC0,0,0,0
623,source_label,JB19010,GSM4029948,B_ASC_CONTROL,PC-caSC1,6,47409,5070
624,compartment,JB19011,GSM4029949,B_CONV_ANALOG,,414,1059778,12341
625,compartment,JB19011,GSM4029949,B_ASC_CONTROL,,25,153126,8300
626,source_label,JB19011,GSM4029949,B_CONV_ANALOG,B-caSC0,95,203295,8660
627,source_label,JB19011,GSM4029949,B_CONV_ANALOG,B-caSC1,32,77647,6504
628,source_label,JB19011,GSM4029949,B_CONV_ANALOG,B-caSC2,133,409864,10508
629,source_label,JB19011,GSM4029949,B_CONV_ANALOG,B-caSC3,1,2028,759
630,source_label,JB19011,GSM4029949,B_CONV_ANALOG,B-caSC4,57,117284,7390
631,source_label,JB19011,GSM4029949,B_CONV_ANALOG,B-caSC5,24,84316,6680
632,source_label,JB19011,GSM4029949,B_CONV_ANALOG,B-caSC6,52,115168,7641
633,source_label,JB19011,GSM4029949,B_CONV_ANALOG,B-caSC7,20,50176,5355
634,source_label,JB19011,GSM4029949,B_ASC_CONTROL,PC-caSC0,4,27072,4037
635,source_label,JB19011,GSM4029949,B_ASC_CONTROL,PC-caSC1,21,126054,7878
636,compartment,JB19013,GSM4029950,B_CONV_ANALOG,,132,455045,10770
637,compartment,JB19013,GSM4029950,B_ASC_CONTROL,,3,22543,3996
638,source_label,JB19013,GSM4029950,B_CONV_ANALOG,B-caSC0,56,175592,8667
639,source_label,JB19013,GSM4029950,B_CONV_ANALOG,B-caSC1,7,20223,3272
640,source_label,JB19013,GSM4029950,B_CONV_ANALOG,B-caSC2,16,80540,6759
641,source_label,JB19013,GSM4029950,B_CONV_ANALOG,B-caSC3,13,40330,5185
642,source_label,JB19013,GSM4029950,B_CONV_ANALOG,B-caSC4,5,14039,2509
643,source_label,JB19013,GSM4029950,B_CONV_ANALOG,B-caSC5,8,35233,4983
644,source_label,JB19013,GSM4029950,B_CONV_ANALOG,B-caSC6,17,54712,5716
645,source_label,JB19013,GSM4029950,B_CONV_ANALOG,B-caSC7,10,34376,4482
646,source_label,JB19013,GSM4029950,B_ASC_CONTROL,PC-caSC0,1,7217,2127
647,source_label,JB19013,GSM4029950,B_ASC_CONTROL,PC-caSC1,2,15326,3205
648,compartment,JB19014,GSM4029951,B_CONV_ANALOG,,21,79236,6757
649,compartment,JB19014,GSM4029951,B_ASC_CONTROL,,3,25032,4186
650,source_label,JB19014,GSM4029951,B_CONV_ANALOG,B-caSC0,3,9116,2119
651,source_label,JB19014,GSM4029951,B_CONV_ANALOG,B-caSC1,4,14419,2576
652,source_label,JB19014,GSM4029951,B_CONV_ANALOG,B-caSC2,8,32808,4667
653,source_label,JB19014,GSM4029951,B_CONV_ANALOG,B-caSC3,0,0,0
654,source_label,JB19014,GSM4029951,B_CONV_ANALOG,B-caSC4,1,3012,826
655,source_label,JB19014,GSM4029951,B_CONV_ANALOG,B-caSC5,2,8816,2148
656,source_label,JB19014,GSM4029951,B_CONV_ANALOG,B-caSC6,2,7316,1699
657,source_label,JB19014,GSM4029951,B_CONV_ANALOG,B-caSC7,1,3749,1207
658,source_label,JB19014,GSM4029951,B_ASC_CONTROL,PC-caSC0,1,7483,2002
659,source_label,JB19014,GSM4029951,B_ASC_CONTROL,PC-caSC1,2,17549,3492
660,compartment,JB19015,GSM4029952,B_CONV_ANALOG,,128,410896,10447
661,compartment,JB19015,GSM4029952,B_ASC_CONTROL,,1,12660,2547
662,source_label,JB19015,GSM4029952,B_CONV_ANALOG,B-caSC0,16,35257,4428
663,source_label,JB19015,GSM4029952,B_CONV_ANALOG,B-caSC1,48,145746,7826
664,source_label,JB19015,GSM4029952,B_CONV_ANALOG,B-caSC2,41,165152,8422
665,source_label,JB19015,GSM4029952,B_CONV_ANALOG,B-caSC3,0,0,0
666,source_label,JB19015,GSM4029952,B_CONV_ANALOG,B-caSC4,10,25063,3730
667,source_label,JB19015,GSM4029952,B_CONV_ANALOG,B-caSC5,3,10753,2083
668,source_label,JB19015,GSM4029952,B_CONV_ANALOG,B-caSC6,5,14567,2659
669,source_label,JB19015,GSM4029952,B_CONV_ANALOG,B-caSC7,5,14358,2624
670,source_label,JB19015,GSM4029952,B_ASC_CONTROL,PC-caSC0,0,0,0
671,source_label,JB19015,GSM4029952,B_ASC_CONTROL,PC-caSC1,1,12660,2547
