classification,role,provenance_path,portal_alias,bytes,sha256
OPTIONAL,standalone supplementary figure S1,phase17_v7/gateC8S/20260821_supplementary_traceability_freeze/supplementary_figures/Supplementary_Figure_S1_source_integrity_qc.pdf,portal_upload_optional/Supplementary_Figure_S1.pdf,51533,091483972D0801DD8B6970B536940B16F906DF2D24A2916A9164CB04CD085B91
OPTIONAL,standalone supplementary figure S2,phase17_v7/gateC8S/20260821_supplementary_traceability_freeze/supplementary_figures/Supplementary_Figure_S2_representation_diagnostics.pdf,portal_upload_optional/Supplementary_Figure_S2.pdf,50861,2CF32E5FAAE7111814C7DBB18C8D13AE14F8815B68CB49B1FD7C0AA65D1B2A20
OPTIONAL,standalone supplementary figure S3,phase17_v7/gateC8S/20260821_supplementary_traceability_freeze/supplementary_figures/Supplementary_Figure_S3_identity_adjudication.pdf,portal_upload_optional/Supplementary_Figure_S3.pdf,51281,2D6E73D24A49D76256301A70BBE7F710A170BE1649938E783F86AF5F3FF4A26F
OPTIONAL,standalone supplementary figure S4,phase17_v7/gateC8S/20260821_supplementary_traceability_freeze/supplementary_figures/Supplementary_Figure_S4_composition_diagnostics.pdf,portal_upload_optional/Supplementary_Figure_S4.pdf,47952,CE12F7B0E0FD62DB738B1A0786712B19DF83CD10C3D4FE19F66FE6078538CBE0
OPTIONAL,standalone supplementary figure S5,phase17_v7/gateC8S/20260821_supplementary_traceability_freeze/supplementary_figures/Supplementary_Figure_S5_pseudobulk_diagnostics.pdf,portal_upload_optional/Supplementary_Figure_S5.pdf,51706,C66D3B07535233DB5269395DE08D8228CD09F16AFCDAFA00FEEE80839894D76A
OPTIONAL,standalone supplementary figure S6,phase17_v7/gateC8S/20260821_supplementary_traceability_freeze/supplementary_figures/Supplementary_Figure_S6_external_validation_diagnostics.pdf,portal_upload_optional/Supplementary_Figure_S6.pdf,48118,07591A5E90F73475035FA4E5B8AA927FD3BD788D82CA47B0A669D38E3F444EEA
OPTIONAL,standalone supplementary figure S7,phase17_v7/gateC8S/20260821_supplementary_traceability_freeze/supplementary_figures/Supplementary_Figure_S7_regulator_correlation_sensitivity.pdf,portal_upload_optional/Supplementary_Figure_S7.pdf,48444,69DB11B29CACE23DDBACF169F5B515CED9328FCD1BE26BBDAEB50D1768182FFF
OPTIONAL,standalone supplementary figure S8,phase17_v7/round6_q1_robustness/20260825_overlap_depletion/figures/Supplementary_Figure_S8_overlap_depletion.pdf,portal_upload_optional/Supplementary_Figure_S8.pdf,49826,B085EE2D5B1F8F858546FA5A317754EA0D878D0B7A35786D8C07791F43443BE3
OPTIONAL,standalone supplementary figure S9,phase17_v7/round6_q1_robustness/20260827_r1_hold_integration/figures/Supplementary_Figure_S9_identity_boundary_and_propagation.pdf,portal_upload_optional/Supplementary_Figure_S9.pdf,52943,4D04E51A9282E2BBB39DCBE7745D6978A46B1BCBD47FBC7C54DDD33964EAE075
