old_display_id,new_display_id,object_type,old_relative_path,new_relative_path,bytes,old_sha256,new_sha256,byte_identical
S10,S8,pdf,phase17_v7/npj_sba_supplementary_table_reader_path/20260901_s4_reader_path_refreeze/figures/figures/Supplementary_Figure_S10_reference_calibration_boundary.pdf,phase17_v7/npj_sba_supplementary_citation_refreeze/20260901_first_citation_order/figures/figures/Supplementary_Figure_S8_reference_calibration_boundary.pdf,44871,7659A5793827941D5A8AA0F97969A90E1DDA789D8F4A2641AF0409557F019F96,7659A5793827941D5A8AA0F97969A90E1DDA789D8F4A2641AF0409557F019F96,True
S10,S8,png,phase17_v7/npj_sba_supplementary_table_reader_path/20260901_s4_reader_path_refreeze/figures/figures/Supplementary_Figure_S10_reference_calibration_boundary.png,phase17_v7/npj_sba_supplementary_citation_refreeze/20260901_first_citation_order/figures/figures/Supplementary_Figure_S8_reference_calibration_boundary.png,387685,A0C2E06A09AB40693B9FC55278C87A667EAF15E0FE9D3ADD61A6694AFCA939D0,A0C2E06A09AB40693B9FC55278C87A667EAF15E0FE9D3ADD61A6694AFCA939D0,True
S1,S1,pdf,phase17_v7/npj_sba_supplementary_table_reader_path/20260901_s4_reader_path_refreeze/figures/figures/Supplementary_Figure_S1_source_integrity_qc.pdf,phase17_v7/npj_sba_supplementary_citation_refreeze/20260901_first_citation_order/figures/figures/Supplementary_Figure_S1_source_integrity_qc.pdf,49463,F458B1BD2E807D139A01821C031D7496F3CCE0719BBFE3A4BF9BC7A8B4E8B6AC,F458B1BD2E807D139A01821C031D7496F3CCE0719BBFE3A4BF9BC7A8B4E8B6AC,True
S1,S1,png,phase17_v7/npj_sba_supplementary_table_reader_path/20260901_s4_reader_path_refreeze/figures/figures/Supplementary_Figure_S1_source_integrity_qc.png,phase17_v7/npj_sba_supplementary_citation_refreeze/20260901_first_citation_order/figures/figures/Supplementary_Figure_S1_source_integrity_qc.png,542612,2B2A010C31D4326F9BD41E75E60EC52DF7044B2E388F447B6C47F79AAA204EBD,2B2A010C31D4326F9BD41E75E60EC52DF7044B2E388F447B6C47F79AAA204EBD,True
S2,S2,pdf,phase17_v7/npj_sba_supplementary_table_reader_path/20260901_s4_reader_path_refreeze/figures/figures/Supplementary_Figure_S2_representation_diagnostics.pdf,phase17_v7/npj_sba_supplementary_citation_refreeze/20260901_first_citation_order/figures/figures/Supplementary_Figure_S2_representation_diagnostics.pdf,50035,FF640D1A27AB108D1E1D7B2363EC45DE3BCA7D16CBEDE366353E79B744A8FB86,FF640D1A27AB108D1E1D7B2363EC45DE3BCA7D16CBEDE366353E79B744A8FB86,True
S2,S2,png,phase17_v7/npj_sba_supplementary_table_reader_path/20260901_s4_reader_path_refreeze/figures/figures/Supplementary_Figure_S2_representation_diagnostics.png,phase17_v7/npj_sba_supplementary_citation_refreeze/20260901_first_citation_order/figures/figures/Supplementary_Figure_S2_representation_diagnostics.png,505310,67B1445C90BE1058B3F455C70209655BE5712E79CDBAC461AFC662C2084A20F7,67B1445C90BE1058B3F455C70209655BE5712E79CDBAC461AFC662C2084A20F7,True
S3,S3,pdf,phase17_v7/npj_sba_supplementary_table_reader_path/20260901_s4_reader_path_refreeze/figures/figures/Supplementary_Figure_S3_fine_state_failure_transition_structure.pdf,phase17_v7/npj_sba_supplementary_citation_refreeze/20260901_first_citation_order/figures/figures/Supplementary_Figure_S3_fine_state_failure_transition_structure.pdf,41897,ECB80FF10A95FFEE71F86A5D940EADA465D523143AA5EE9216BB41CA1C885934,ECB80FF10A95FFEE71F86A5D940EADA465D523143AA5EE9216BB41CA1C885934,True
S3,S3,png,phase17_v7/npj_sba_supplementary_table_reader_path/20260901_s4_reader_path_refreeze/figures/figures/Supplementary_Figure_S3_fine_state_failure_transition_structure.png,phase17_v7/npj_sba_supplementary_citation_refreeze/20260901_first_citation_order/figures/figures/Supplementary_Figure_S3_fine_state_failure_transition_structure.png,246532,6B4A8CB52293E14D9B8B608BE93726E64E52E9F1D37BB1715E043AB44E144097,6B4A8CB52293E14D9B8B608BE93726E64E52E9F1D37BB1715E043AB44E144097,True
S4,S5,pdf,phase17_v7/npj_sba_supplementary_table_reader_path/20260901_s4_reader_path_refreeze/figures/figures/Supplementary_Figure_S4_composition_diagnostics.pdf,phase17_v7/npj_sba_supplementary_citation_refreeze/20260901_first_citation_order/figures/figures/Supplementary_Figure_S5_composition_diagnostics.pdf,46706,92E4F1667D9B7915A7F98393A4C0168B80D9EA1054E8024B4DC14A0B1638C1F2,92E4F1667D9B7915A7F98393A4C0168B80D9EA1054E8024B4DC14A0B1638C1F2,True
S4,S5,png,phase17_v7/npj_sba_supplementary_table_reader_path/20260901_s4_reader_path_refreeze/figures/figures/Supplementary_Figure_S4_composition_diagnostics.png,phase17_v7/npj_sba_supplementary_citation_refreeze/20260901_first_citation_order/figures/figures/Supplementary_Figure_S5_composition_diagnostics.png,301388,7B92B1D1FE2598352BB70A377449901D911C68BAF905EFC91A755641E6F0DD7C,7B92B1D1FE2598352BB70A377449901D911C68BAF905EFC91A755641E6F0DD7C,True
S5,S6,pdf,phase17_v7/npj_sba_supplementary_table_reader_path/20260901_s4_reader_path_refreeze/figures/figures/Supplementary_Figure_S5_pseudobulk_ranked_list_diagnostics.pdf,phase17_v7/npj_sba_supplementary_citation_refreeze/20260901_first_citation_order/figures/figures/Supplementary_Figure_S6_pseudobulk_ranked_list_diagnostics.pdf,46141,AA2A6F9D0BCD49B4B26D311C479AA74E39BCCC5D7830447DB3026ACF79C5F0CF,AA2A6F9D0BCD49B4B26D311C479AA74E39BCCC5D7830447DB3026ACF79C5F0CF,True
S5,S6,png,phase17_v7/npj_sba_supplementary_table_reader_path/20260901_s4_reader_path_refreeze/figures/figures/Supplementary_Figure_S5_pseudobulk_ranked_list_diagnostics.png,phase17_v7/npj_sba_supplementary_citation_refreeze/20260901_first_citation_order/figures/figures/Supplementary_Figure_S6_pseudobulk_ranked_list_diagnostics.png,355690,47C9A02403F4D6B68E07D0A2F272A0D2965DCF799F9AD07680F99BFF1E09D0C5,47C9A02403F4D6B68E07D0A2F272A0D2965DCF799F9AD07680F99BFF1E09D0C5,True
S6,S7,pdf,phase17_v7/npj_sba_supplementary_table_reader_path/20260901_s4_reader_path_refreeze/figures/figures/Supplementary_Figure_S6_replication_robustness_diagnostics.pdf,phase17_v7/npj_sba_supplementary_citation_refreeze/20260901_first_citation_order/figures/figures/Supplementary_Figure_S7_replication_robustness_diagnostics.pdf,47153,F76A84E04A56669FB48A06CBAEC415646EB12C56547069485E8D5DB3AA2A5027,F76A84E04A56669FB48A06CBAEC415646EB12C56547069485E8D5DB3AA2A5027,True
S6,S7,png,phase17_v7/npj_sba_supplementary_table_reader_path/20260901_s4_reader_path_refreeze/figures/figures/Supplementary_Figure_S6_replication_robustness_diagnostics.png,phase17_v7/npj_sba_supplementary_citation_refreeze/20260901_first_citation_order/figures/figures/Supplementary_Figure_S7_replication_robustness_diagnostics.png,400006,EC2118003D6D459831D118C53B318448B936E806C23E44D87A125EAEDA53F2D0,EC2118003D6D459831D118C53B318448B936E806C23E44D87A125EAEDA53F2D0,True
S7,S9,pdf,phase17_v7/npj_sba_supplementary_table_reader_path/20260901_s4_reader_path_refreeze/figures/figures/Supplementary_Figure_S7_regulator_correlation_sensitivity.pdf,phase17_v7/npj_sba_supplementary_citation_refreeze/20260901_first_citation_order/figures/figures/Supplementary_Figure_S9_regulator_correlation_sensitivity.pdf,48574,3DCE41FF9A20F17D5D4071E8C6FAC7E32BC0F63272F19646EFE1046612C76417,3DCE41FF9A20F17D5D4071E8C6FAC7E32BC0F63272F19646EFE1046612C76417,True
S7,S9,png,phase17_v7/npj_sba_supplementary_table_reader_path/20260901_s4_reader_path_refreeze/figures/figures/Supplementary_Figure_S7_regulator_correlation_sensitivity.png,phase17_v7/npj_sba_supplementary_citation_refreeze/20260901_first_citation_order/figures/figures/Supplementary_Figure_S9_regulator_correlation_sensitivity.png,436673,69112DAB612AF5E97CED97D3899624D30CAFDC02C2D127431C71000C1E4B3D44,69112DAB612AF5E97CED97D3899624D30CAFDC02C2D127431C71000C1E4B3D44,True
S8,S10,pdf,phase17_v7/npj_sba_supplementary_table_reader_path/20260901_s4_reader_path_refreeze/figures/figures/Supplementary_Figure_S8_overlap_depletion.pdf,phase17_v7/npj_sba_supplementary_citation_refreeze/20260901_first_citation_order/figures/figures/Supplementary_Figure_S10_overlap_depletion.pdf,48801,2566E12D7F819E105506653173D43DBB0921F4D5C63EDE0C9D98099A76D3B75D,2566E12D7F819E105506653173D43DBB0921F4D5C63EDE0C9D98099A76D3B75D,True
S8,S10,png,phase17_v7/npj_sba_supplementary_table_reader_path/20260901_s4_reader_path_refreeze/figures/figures/Supplementary_Figure_S8_overlap_depletion.png,phase17_v7/npj_sba_supplementary_citation_refreeze/20260901_first_citation_order/figures/figures/Supplementary_Figure_S10_overlap_depletion.png,565826,51B0218546AE23D448B7767C7F620AAA7AA5A84F9FD9749C5320DE7F1F00EB31,51B0218546AE23D448B7767C7F620AAA7AA5A84F9FD9749C5320DE7F1F00EB31,True
S9,S4,pdf,phase17_v7/npj_sba_supplementary_table_reader_path/20260901_s4_reader_path_refreeze/figures/figures/Supplementary_Figure_S9_identity_boundary_and_propagation.pdf,phase17_v7/npj_sba_supplementary_citation_refreeze/20260901_first_citation_order/figures/figures/Supplementary_Figure_S4_identity_boundary_and_propagation.pdf,52726,A6CF24AEF64220251A2B97EE35446875CEFD5C7AD59F985231E78D7FCD2DB1EC,A6CF24AEF64220251A2B97EE35446875CEFD5C7AD59F985231E78D7FCD2DB1EC,True
S9,S4,png,phase17_v7/npj_sba_supplementary_table_reader_path/20260901_s4_reader_path_refreeze/figures/figures/Supplementary_Figure_S9_identity_boundary_and_propagation.png,phase17_v7/npj_sba_supplementary_citation_refreeze/20260901_first_citation_order/figures/figures/Supplementary_Figure_S4_identity_boundary_and_propagation.png,591102,F6857DA2B61D27E8E2EB1DFE98703C16A83F5D72B03AEF785CE9B9E87BDF7F5C,F6857DA2B61D27E8E2EB1DFE98703C16A83F5D72B03AEF785CE9B9E87BDF7F5C,True
S10,S8,csv,phase17_v7/npj_sba_supplementary_table_reader_path/20260901_s4_reader_path_refreeze/figures/source_data/Supplementary_Figure_S10_source_data.csv,phase17_v7/npj_sba_supplementary_citation_refreeze/20260901_first_citation_order/figures/source_data/Supplementary_Figure_S8_source_data.csv,2069,FF4309EBAF761A0563F018AE1BE07212EF2CB2241E79DF12C374BCB1426A60FF,FF4309EBAF761A0563F018AE1BE07212EF2CB2241E79DF12C374BCB1426A60FF,True
S1,S1,csv,phase17_v7/npj_sba_supplementary_table_reader_path/20260901_s4_reader_path_refreeze/figures/source_data/Supplementary_Figure_S1_source_data.csv,phase17_v7/npj_sba_supplementary_citation_refreeze/20260901_first_citation_order/figures/source_data/Supplementary_Figure_S1_source_data.csv,15014,A140D1D900A3EA869551097146AFFD3872BC7AC78E9E9712E4BDAC834A57CB68,A140D1D900A3EA869551097146AFFD3872BC7AC78E9E9712E4BDAC834A57CB68,True
S2,S2,csv,phase17_v7/npj_sba_supplementary_table_reader_path/20260901_s4_reader_path_refreeze/figures/source_data/Supplementary_Figure_S2_source_data.csv,phase17_v7/npj_sba_supplementary_citation_refreeze/20260901_first_citation_order/figures/source_data/Supplementary_Figure_S2_source_data.csv,26506,E46FE5B33B11D45319DD80C3D669AEEB83F2517095CD0C1FD5EEFA1F57C58731,E46FE5B33B11D45319DD80C3D669AEEB83F2517095CD0C1FD5EEFA1F57C58731,True
S3,S3,csv,phase17_v7/npj_sba_supplementary_table_reader_path/20260901_s4_reader_path_refreeze/figures/source_data/Supplementary_Figure_S3_source_data.csv,phase17_v7/npj_sba_supplementary_citation_refreeze/20260901_first_citation_order/figures/source_data/Supplementary_Figure_S3_source_data.csv,4375,133E973C2753F4946A24739C049308152299A915A3FC6754B30AD0521F979C96,133E973C2753F4946A24739C049308152299A915A3FC6754B30AD0521F979C96,True
S4,S5,csv,phase17_v7/npj_sba_supplementary_table_reader_path/20260901_s4_reader_path_refreeze/figures/source_data/Supplementary_Figure_S4_source_data.csv,phase17_v7/npj_sba_supplementary_citation_refreeze/20260901_first_citation_order/figures/source_data/Supplementary_Figure_S5_source_data.csv,5599,7BA2660E5A50ADCF28407BCC92A91C791576DD69A9A1ABA9618DEB045C3A4E19,7BA2660E5A50ADCF28407BCC92A91C791576DD69A9A1ABA9618DEB045C3A4E19,True
S5,S6,csv,phase17_v7/npj_sba_supplementary_table_reader_path/20260901_s4_reader_path_refreeze/figures/source_data/Supplementary_Figure_S5_source_data.csv,phase17_v7/npj_sba_supplementary_citation_refreeze/20260901_first_citation_order/figures/source_data/Supplementary_Figure_S6_source_data.csv,4113,F6682D636C1FF3A1784E0B9E8AEFF5C5D1BB075176312E87FCB938F65C4DA897,F6682D636C1FF3A1784E0B9E8AEFF5C5D1BB075176312E87FCB938F65C4DA897,True
S6,S7,csv,phase17_v7/npj_sba_supplementary_table_reader_path/20260901_s4_reader_path_refreeze/figures/source_data/Supplementary_Figure_S6_source_data.csv,phase17_v7/npj_sba_supplementary_citation_refreeze/20260901_first_citation_order/figures/source_data/Supplementary_Figure_S7_source_data.csv,6249,A1D1DCBF9D20BA01D0022D4DA0F73A618776D34A687E764F18AB83439204DBF6,A1D1DCBF9D20BA01D0022D4DA0F73A618776D34A687E764F18AB83439204DBF6,True
S7,S9,csv,phase17_v7/npj_sba_supplementary_table_reader_path/20260901_s4_reader_path_refreeze/figures/source_data/Supplementary_Figure_S7_source_data.csv,phase17_v7/npj_sba_supplementary_citation_refreeze/20260901_first_citation_order/figures/source_data/Supplementary_Figure_S9_source_data.csv,2110,D92140A17B96E6B77F5EEBF322A5D77A5E6F2132EDD54CC9C3E73521E5352CA3,D92140A17B96E6B77F5EEBF322A5D77A5E6F2132EDD54CC9C3E73521E5352CA3,True
S8,S10,csv,phase17_v7/npj_sba_supplementary_table_reader_path/20260901_s4_reader_path_refreeze/figures/source_data/Supplementary_Figure_S8_source_data.csv,phase17_v7/npj_sba_supplementary_citation_refreeze/20260901_first_citation_order/figures/source_data/Supplementary_Figure_S10_source_data.csv,8005,26A3F90E3165D8928874F278384B2587CB549DD4FFDE93440AAC4CEEAE06A9A2,26A3F90E3165D8928874F278384B2587CB549DD4FFDE93440AAC4CEEAE06A9A2,True
S9,S4,csv,phase17_v7/npj_sba_supplementary_table_reader_path/20260901_s4_reader_path_refreeze/figures/source_data/Supplementary_Figure_S9_source_data.csv,phase17_v7/npj_sba_supplementary_citation_refreeze/20260901_first_citation_order/figures/source_data/Supplementary_Figure_S4_source_data.csv,18720,46EE840F86CA33AA4F5FCE0A37EEFCB4DB23831533BBFA20400BAE50744F5D42,46EE840F86CA33AA4F5FCE0A37EEFCB4DB23831533BBFA20400BAE50744F5D42,True
